NAME,ADDRESS,IMAGE URL,LINK,DISH,DISH IMGAGE,PRICE
Ròm - Chân Gà Rút Xương Ngâm Sả Tắc - Khuông Việt,341/19/91 Khuông Việt  P. Phú Trung  Quận Tân Phú  TP. HCM,https://images.foody.vn/res/g105/1045264/prof/s640x400/file_restaurant_photo_xksq_16252-8a3ca878-210703111610.jpg,https://www.foody.vn/ho-chi-minh/rom-chan-ga-rut-xuong-ngam-sa-tac-khuong-viet,,,
Ròm - Chân Gà Rút Xương Ngâm Sả Tắc,237/62 Hòa Bình  P. Hiệp Tân  Quận Tân Phú  TP. HCM,https://images.foody.vn/res/g105/1042940/prof/s640x400/file_restaurant_photo_wb9b_16252-7182f6dd-210703111551.jpg,https://www.foody.vn/ho-chi-minh/rom-chan-ga-rut-xuong-ngam-sa-tac,,,
Bếp Rùa - Chân Gà Rút Xương Ngâm Sả Tắc - Shop Online - Phú Thọ Hoà,94/22/2A Phú Thọ Hòa  P. Phú Thọ Hòa  Quận Tân Phú  TP. HCM,https://images.foody.vn/res/g105/1041514/prof/s640x400/foody-upload-api-foody-mobile-foody-upload-api-foo-200811120948.jpg,https://www.foody.vn/ho-chi-minh/bep-rua-chan-ga-rut-xuong-ngam-sa-tac-shop-online-phu-tho-hoa,,,
Bếp Rùa - Chân Gà Rút Xương Ngâm Sả Tắc - Shop Online - Khuôn Việt,239/51 Khuông Việt  P. Phú Trung  Quận Tân Phú  TP. HCM,https://images.foody.vn/res/g105/1043083/prof/s640x400/foody-upload-api-foody-mobile-foody-upload-api-foo-200819141234.jpg,https://www.foody.vn/ho-chi-minh/bep-rua-chan-ga-rut-xuong-ngam-sa-tac-shop-online-khuon-viet,,,
Bếp Rùa - Chân Gà Rút Xương Ngâm Sả Tắc - Shop Online - Hòa Bình,237/62 Hoà Bình  P. Hiệp Tân  Quận Tân Phú  TP. HCM,https://images.foody.vn/res/g114/1130417/prof/s640x400/foody-upload-api-foody-mobile-an-dcd7bd85-220322090036.jpeg,https://www.foody.vn/ho-chi-minh/bep-rua-chan-ga-rut-xuong-ngam-sa-tac-shop-online-hoa-binh,,,
Bếp Rùa - Chân Gà Rút Xương Ngâm Sả Tắc - Shop Online,127/5/9 Lê Thúc Hoạch  P. Phú Thọ Hòa  Quận Tân Phú  TP. HCM,https://images.foody.vn/res/g91/907273/prof/s640x400/foody-upload-api-foody-mobile-8-190611164031.jpg,https://www.foody.vn/ho-chi-minh/bep-rua-chan-ga-rut-xuong-ngam-sa-tac-shop-online,,,
Cháo Sườn Ông Tạ - Phạm Văn Hai,302 Phạm Văn Hai  P. 5  Quận Tân Bình  TP. HCM,https://images.foody.vn/res/g1/7944/prof/s640x400/foody-mobile-4zpsfjra-jpg-786-635951206955267418.jpg,https://www.foody.vn/ho-chi-minh/chao-suon-pham-van-hai,,,
Thành Mập - Chân Gà Rút Xương Ngâm Sả Tắc - Bạch Đằng - Shop Online,159/49/9 Bạch Đằng  P. 2  Quận Tân Bình  TP. HCM,https://images.foody.vn/res/g100/990502/prof/s640x400/foody-upload-api-foody-mobile-foody-upload-api-foo-191216172331.jpg,https://www.foody.vn/ho-chi-minh/thanh-map-chan-ga-rut-xuong-ngam-sa-tac-bach-dang-shop-online,,,
Cháo Sườn 375,Vỉa Hè 345 Hai Bà Trưng (Đối Diện Cổng Chợ Tân Định)  Quận 3  TP. HCM,https://images.foody.vn/res/g67/664452/prof/s640x400/foody-mobile-wdqwd-jpg-403-636322689153094642.jpg,https://www.foody.vn/ho-chi-minh/chao-suon-375,,,
Hảo Ký Mì Gia - Hủ Tiếu Xào - Đường Số 9,90 Đường Số 9  P. 8  Quận 11  TP. HCM,https://images.foody.vn/res/g100003/1000027506/prof/s640x400/file_9b8ba82a-06aa-4643-bca6-ae5-56a19895-210609144915.jpeg,https://www.foody.vn/ho-chi-minh/hao-ky-mi-gia-hu-tieu-xao-duong-so-9.d6s78l,,,
Xôi Thúy Linh,843 Lê Đức Thọ  P. 13  Quận Gò Vấp  TP. HCM,https://images.foody.vn/res/g78/777532/prof/s640x400/foody-upload-api-foody-mobile-hmkp-jpg-180912164236.jpg,https://www.foody.vn/ho-chi-minh/xoi-thuy-linh,,,
Don Chicken - Nhà Hàng Gà Nướng Hàn Quốc - Phan Xích Long,222 Phan Xích Long  P. 7  Quận Phú Nhuận  TP. HCM,https://images.foody.vn/res/g108/1070042/prof/s640x400/foody-upload-api-foody-mobile-foody-upload-api-foo-210320152526.jpg,https://www.foody.vn/ho-chi-minh/don-chicken-nha-hang-ga-nuong-han-quoc-phan-xich-long,,,
Busan Korean Food - Món Hàn Quốc - Lê Văn Sỹ,346 Lê Văn Sỹ  P. 14  Quận 3  TP. HCM,https://images.foody.vn/res/g66/654707/prof/s640x400/foody-mobile--a7aa1ec3434ca871756-539-636301173468369500.jpg,https://www.foody.vn/ho-chi-minh/busan-korean-food-mon-han-quoc-le-van-sy,,,
Trà Sữa Sharetea - Sư Vạn Hạnh,353 Sư Vạn Hạnh  P. 12  Quận 10  TP. HCM,https://images.foody.vn/res/g80/797426/prof/s640x400/foody-upload-api-foody-mobile-picturemessage_q0wj0-191030165956.jpg,https://www.foody.vn/ho-chi-minh/tra-sua-sharetea-su-van-hanh,,,
Bò Né Bách Khoa,Hẻm 473 Tô Hiến Thành  P. 14  Quận 10  TP. HCM,https://images.foody.vn/res/g74/730589/prof/s640x400/foody-upload-api-foody-mobile-foody-bo-ne-bach-kho-180411095019.jpg,https://www.foody.vn/ho-chi-minh/bo-ne-bach-khoa,,,
Gogi House - Quán Nướng Hàn Quốc - Nguyễn Tri Phương,521 Nguyễn Tri Phương  P. 8  Quận 10  TP. HCM,https://images.foody.vn/res/g68/676906/prof/s640x400/image-77ecb8bb-200917112103.jpeg,https://www.foody.vn/ho-chi-minh/gogi-house-quan-nuong-han-quoc-nguyen-tri-phuong,,,
Lê Buffet Nướng,51/4 Nguyễn Ảnh Thủ  Ấp Hậu Lân  Huyện Hóc Môn  TP. HCM,https://images.foody.vn/res/g69/682437/prof/s640x400/foody-mobile-c2-jpg-929-636386445136165888.jpg,https://www.foody.vn/ho-chi-minh/le-buffet-nuong,,,
Bún Bò Huế - Phạm Văn Hai,15/39 Phạm Văn Hai  P. 1  Quận Tân Bình  TP. HCM,https://images.foody.vn/res/g3/21700/prof/s640x400/foody-mobile-bun-bo-hue-pham-van-hai-tp-hcm.jpg,https://www.foody.vn/ho-chi-minh/bun-bo-hue-pham-van-hai,,,
Xíu - Bánh Mì & Café,87 Trần Văn Kiểu  P. 10  Quận 6  TP. HCM,https://images.foody.vn/res/g113/1128967/prof/s640x400/foody-upload-api-foody-mobile-cv-7c6978c0-220307090421.jpeg,https://www.foody.vn/ho-chi-minh/xiu-banh-mi-cafe,,,
Hẻm Tea & Milktea,490 Lê Văn Sỹ  P. 14.  Quận 3  TP. HCM,https://images.foody.vn/res/g31/300546/prof/s640x400/file_restaurant_photo_hdv2_16239-14cf3da8-210618002512.jpg,https://www.foody.vn/ho-chi-minh/hem-tea-milktea,,,
Xiên Nướng Pé Mập,256/6 Dương Quảng Hàm  P. 5  Quận Gò Vấp  TP. HCM,https://images.foody.vn/res/g8/73628/prof/s640x400/foody-mobile-xcahk2ui-jpg-735-635842214255503835.jpg,https://www.foody.vn/ho-chi-minh/xien-nuong-pe-map,,,
Hokkaido Tea - Lê Văn Sỹ,473 Lê Văn Sỹ  P. 2  Quận Tân Bình  TP. HCM,https://images.foody.vn/res/g105/1040493/prof/s640x400/foody-upload-api-foody-mobile-foody-mobile-hokkaid-200806094334.jpg,https://www.foody.vn/ho-chi-minh/hokkaido-tea-le-van-sy,,,
Bánh Canh Cua - Trần Khắc Chân,87 Trần Khắc Chân  P. Tân Định  Quận 1  TP. HCM,https://images.foody.vn/res/g2/18346/prof/s640x400/foody-upload-api-foody-mobile-ggg-190814173057.jpg,https://www.foody.vn/ho-chi-minh/banh-canh-cua-tran-khac-chan,,,
Kem Cuộn Mập Mập - Phạm Văn Đồng,343 Phạm Văn Đồng  P. 1  Quận Gò Vấp  TP. HCM,https://images.foody.vn/res/g14/138289/prof/s640x400/foody-mobile-hmb-f-jpg-194-635780216293647988.jpg,https://www.foody.vn/ho-chi-minh/kem-cuon-map-map-pham-van-dong,,,
Phụng Thiên - Phá Lấu & Mì Xào,831 Hoàng Sa  P. 9  Quận 3  TP. HCM,https://images.foody.vn/res/g67/661333/prof/s640x400/file_restaurant_photo_wte8_16358-a82154a8-211102220125.jpg,https://www.foody.vn/ho-chi-minh/phung-thien-pha-lau-mi-xao,,,
Phở Ông 8 - Phạm Văn Đồng,121 Phạm Văn Đồng  P. 3  Quận Gò Vấp  TP. HCM,https://images.foody.vn/res/g97/961545/prof/s640x400/foody-upload-api-foody-mobile-6-190926104016.jpg,https://www.foody.vn/ho-chi-minh/pho-ong-8-pham-van-dong,,,
Chị Dung - Vú Heo Tép Mỡ Nướng,199 Lê Quang Sung  Quận 6  TP. HCM,https://images.foody.vn/res/g74/738417/prof/s640x400/foody-upload-api-foody-mobile-vuheonuonfghh-200421105527.jpg,https://www.foody.vn/ho-chi-minh/chi-dung-vu-heo-tep-mo-nuong,,,
SteakZone,77 Lê Quang Sung  P. 6  Quận 6  TP. HCM,https://images.foody.vn/res/g102/1014518/prof/s640x400/foody-upload-api-foody-mobile-230-200323151559.jpg,https://www.foody.vn/ho-chi-minh/steak-zone,,,
LongBuri Cancook - Gân Bò  Chân Gà Sốt Thái,142/34 Thạnh Xuân 22  P. Thạnh Xuân  Quận 12  TP. HCM,https://images.foody.vn/res/g86/853349/prof/s640x400/file_restaurant_photo_8yfu_16141-65b2b33a-210224172605.jpg,https://www.foody.vn/ho-chi-minh/hai-chuy-em-gan-bo-dam-coc-shop-online,,,
Passio Coffee - 53C Nguyễn Du,53C Nguyễn Du  P. Bến Nghé  Quận 1  TP. HCM,https://images.foody.vn/res/g2/10428/prof/s640x400/image-5e6bfd15-211105000403.jpeg,https://www.foody.vn/ho-chi-minh/passio-coffee-nguyen-du,,,
Chè Hà Trâm,C200/8 Xóm Chiếu  P. 14  Quận 4  TP. HCM,https://images.foody.vn/res/g25/246428/prof/s640x400/file_restaurant_photo_n07z_16111-346fe6ee-210120171554.jpeg,https://www.foody.vn/ho-chi-minh/che-ha-tram,,,
Starbucks Coffee - Lakai Building,98 Nguyễn Tri Phương  Quận 5  TP. HCM,https://images.foody.vn/res/g22/211131/prof/s640x400/foody-upload-api-foody-mobile-6-190125161744.jpg,https://www.foody.vn/ho-chi-minh/starbucks-coffee-lakai-building,,,
Bò Né 435,435 Vĩnh Viễn  P. 6  Quận 10  TP. HCM,https://images.foody.vn/res/g7/69893/prof/s640x400/foody-mobile-bo-ne-435-tp-hcm-140415044210.jpg,https://www.foody.vn/ho-chi-minh/bo-ne-435,,,
Gà Nướng Ánh Tuyết - 67 Ngô Tất Tố,67 Ngô Tất Tố  P. 21  Quận Bình Thạnh  TP. HCM,https://images.foody.vn/res/g74/731454/prof/s640x400/foody-upload-api-foody-mobile-hj-jpg-180413140116.jpg,https://www.foody.vn/ho-chi-minh/ga-nuong-anh-tuyet-166-ngo-tat-to,,,
Nước Mát Thảo Dược,308 Trần Hưng Đạo  P. 11  Quận 5  TP. HCM,https://images.foody.vn/res/g22/213860/prof/s640x400/foody-mobile-hmb-s-jpg-499-635920139963701053.jpg,https://www.foody.vn/ho-chi-minh/nuoc-mat-thao-duoc,,,
Lẩu Dê Nhất Phương - Hòa Bình,245/61B Hòa Bình  P. Hiệp Tân  Quận Tân Phú  TP. HCM,https://images.foody.vn/res/g3/25043/prof/s640x400/foody-mobile-nhat-phuong-hoa-binh-tp-hcm.jpg,https://www.foody.vn/ho-chi-minh/lau-de-nhat-phuong-hoa-binh,,,
Beefshop - Thịt Bò Tươi Kèm Sốt,268/16 Cư Xá Đường Sắt Lý Thái Tổ  P. 1  Quận 3  TP. HCM,https://images.foody.vn/res/g110/1090913/prof/s640x400/foody-upload-api-foody-mobile-th-3906f5f5-210731163012.jpeg,https://www.foody.vn/ho-chi-minh/beefshop-thit-bo-tuoi-kem-sot,,,
Quán Nướng Chị Hai,1/1Bis Hoàng Diệu  P. 13  Quận 4  TP. HCM,https://images.foody.vn/res/g79/788896/prof/s640x400/foody-upload-api-foody-mobile-cakeochiengion-jpg-181023101334.jpg,https://www.foody.vn/ho-chi-minh/quan-nuong-chi-hai,,,
Mini Coffee & More,001 Chung Cư A2  Phan Xích Long  P. 7  Quận Phú Nhuận  TP. HCM,https://images.foody.vn/res/g86/854841/prof/s640x400/foody-upload-api-foody-mobile-31093407_84428491575-181129155956.jpg,https://www.foody.vn/ho-chi-minh/mini-coffee-more,,,
TocoToco Bubble Tea - Phạm Văn Đồng,836 Phạm Văn Đồng  P. Hiệp Bình Chánh  Tp. Thủ Đức  TP. HCM,https://images.foody.vn/res/g98/973229/prof/s640x400/image-748922f9-210113164538.jpeg,https://www.foody.vn/ho-chi-minh/tocotoco-bubble-tea-pham-van-dong,,,
Kiều Oanh - Phá Lấu Bình Dân,74/10 Phú Châu  P. Tam Phú  Tp. Thủ Đức  TP. HCM,https://images.foody.vn/res/g69/683240/prof/s640x400/foody-mobile-hmb-jpg-850-636392742799637386.jpg,https://www.foody.vn/ho-chi-minh/kieu-oanh-pha-lau-binh-dan,,,
Ori Homejuice - Vạn Kiếp,186 Vạn Kiếp  P. 3  Quận Bình Thạnh  TP. HCM,https://images.foody.vn/res/g68/679473/prof/s640x400/foody-mobile-c2-jpg-434-636377888310926377.jpg,https://www.foody.vn/ho-chi-minh/ori-homejuice-van-kiep,,,
Bánh 9 Sạch - Bánh Sầu Riêng - Đường Số 7,61 Đường Số 7  P. Thạnh Mỹ Lợi  Quận 2  TP. HCM,https://images.foody.vn/res/g106/1052143/prof/s640x400/foody-upload-api-foody-mobile-93524d78-38af-471e-9-201021173958.jpg,https://www.foody.vn/ho-chi-minh/banh-9-sach-banh-sau-rieng-duong-so-7,,,
Artisan Baked - Bánh Biscotti,156/74 Phú Thọ Hoà  P. Phú Thọ Hoà  Quận Tân Phú  TP. HCM,https://images.foody.vn/res/g105/1044820/prof/s640x400/file_restaurant_photo_xw74_16331-8b52c45d-211002195435.jpeg,https://www.foody.vn/ho-chi-minh/artisan-baked-banh-biscotti,,,
Bánh 9 Sạch - Bánh Sầu Riêng - Phạm Văn Chiêu,186 Phạm Văn Chiêu  P. 9  Quận Gò Vấp  TP. HCM,https://images.foody.vn/res/g108/1077197/prof/s640x400/foody-upload-api-foody-mobile-foody-upload-api-foo-210507145619.jpg,https://www.foody.vn/ho-chi-minh/banh-9-sach-banh-sau-rieng-pham-van-chieu,,,
2 Béo - Bánh Sầu Riêng - Shop Online,67 An Dương Vương  P. 8  Quận 5  TP. HCM,https://images.foody.vn/res/g103/1023413/prof/s640x400/file_restaurant_photo_yqrb_16345-574ed453-211018112808.jpeg,https://www.foody.vn/ho-chi-minh/2-beo-banh-sau-rieng-shop-online,,,
Bánh 9 Sạch - Bánh Sầu Riêng - Shop Online,73 An Dương Vương  P. 8  Quận 5  TP. HCM,https://images.foody.vn/res/g103/1023139/prof/s640x400/foody-upload-api-foody-mobile-foody-upload-api-foo-200608142806.jpg,https://www.foody.vn/ho-chi-minh/banh-9-sach-banh-sau-rieng-shop-online,,,
Biscotti - Bánh Hạt Dinh Dưỡng - Phú Thọ Hòa,156/74 Phú Thọ Hòa  P. Phú Thọ Hòa  Quận Tân Phú  TP. HCM,https://images.foody.vn/res/g106/1051428/prof/s640x400/file_restaurant_photo_6rvi_16331-4c85d765-211002195012.jpeg,https://www.foody.vn/ho-chi-minh/biscotti-banh-hat-dinh-duong,,,
3 Râu - Gà Rán  Pizza & Trà Sữa - Nguyễn Đình Chiểu,361A Nguyễn Đình Chiểu  P. 5  Quận 3  TP. HCM,https://images.foody.vn/res/g102/1015171/prof/s640x400/image-d7e8dc93-211027112026.jpeg,https://www.foody.vn/ho-chi-minh/3-rau-ga-ran-pizza-tra-sua-nguyen-dinh-chieu,,,
Highlands Coffee - Sun Village,Tầng Trệt Sun Village  31 - 33 Nguyễn Văn Đậu  P. 4  Quận Bình Thạnh  TP. HCM,https://images.foody.vn/res/g86/851815/prof/s640x400/image-dbb0202c-210613161501.jpeg,https://www.foody.vn/ho-chi-minh/highlands-coffee-sun-village,,,
Phở Vân Chuẩn Vị Phố Cổ - Phở Bò Phố Cổ - Nguyễn Văn Thương,27 Nguyễn Văn Thương  P. 25  Quận Bình Thạnh  TP. HCM,https://images.foody.vn/res/g113/1128199/prof/s640x400/foody-upload-api-foody-mobile-ph-01cc2dfb-220225205613.jpg,https://www.foody.vn/ho-chi-minh/pho-van-chuan-vi-pho-co-pho-bo-pho-co-nguyen-van-thuong,,,
Trà Sữa Kurotaki - Crescent Mall,Tầng Hầm B1  BF1 - K6 & K7 Crescent Mall  101 Tôn Dật Tiên  P. Tân Phú  Quận 7  TP. HCM,https://images.foody.vn/res/g64/633914/prof/s640x400/foody-mobile-hinh-nen-2-jpg-902-636241533784123735.jpg,https://www.foody.vn/ho-chi-minh/tra-sua-kurotaki-crescent-mall,,,
Hủ Tiếu Mì & Bún Mì Vàng,140 Gò Công  P. 13  Quận 5  TP. HCM,https://images.foody.vn/res/g79/783758/prof/s640x400/foody-upload-api-foody-mobile-bunmivang-jpg-181011144121.jpg,https://www.foody.vn/ho-chi-minh/hu-tieu-mi-bun-mi-vang,,,
Xíu Xíu - Mì Cay,27 Lê Văn Linh  P. 13  Quận 4  TP. HCM,https://images.foody.vn/res/g30/292417/prof/s640x400/foody-mobile-1-jpg-746-636141092777483002.jpg,https://www.foody.vn/ho-chi-minh/xiu-xiu-mi-cay,,,
Ăn Vặt Ba Chị Em - Shop Online,30 Trịnh Đình Trọng  P. Phú Trung  Quận Tân Phú  TP. HCM,https://images.foody.vn/res/g100/991461/prof/s640x400/foody-upload-api-foody-mobile-hmzz-191218173657.jpg,https://www.foody.vn/ho-chi-minh/an-vat-ba-chi-em-shop-online,,,
Bún Nước Lèo Sóc Trăng,213 Hàn Hải Nguyên  P. 2  Quận 11  TP. HCM,https://images.foody.vn/res/g27/269011/prof/s640x400/foody-mobile-14-jpg-721-636075684156749614.jpg,https://www.foody.vn/ho-chi-minh/bun-nuoc-leo-soc-trang-han-hai-nguyen,,,
Hoàng Minh - Bánh Canh Trảng Bàng,180 - 182 Lý Thái Tổ  P. 1  Quận 3  TP. HCM,https://images.foody.vn/res/g1/3900/prof/s640x400/foody-mobile-8tzlzfdc-jpg-279-635781638335205672.jpg,https://www.foody.vn/ho-chi-minh/hoang-minh-banh-canh-trang-bang,,,
IzBôn Tea - Mạc Đĩnh Chi,10 Mạc Đĩnh Chi  Quận 1  TP. HCM,https://images.foody.vn/res/g70/691508/prof/s640x400/foody-mobile-25-jpg-709-636434190043140360.jpg,https://www.foody.vn/ho-chi-minh/izbon-tea,,,
Phở Thành - Lý Chính Thắng,140E Lý Chính Thắng  P. 7  Quận 3  TP. HCM,https://images.foody.vn/res/g75/749899/prof/s640x400/foody-upload-api-foody-mobile-foody-pho-thanh-ly-c-181203173417.jpg,https://www.foody.vn/ho-chi-minh/pho-thanh-ly-chinh-thang,,,
KOI Thé - Pearl Plaza,L1-01 Pearl Plaza  561A Điện Biên Phủ  P. 25  Quận Bình Thạnh  TP. HCM,https://images.foody.vn/res/g31/300648/prof/s640x400/image-30c2257e-220103124208.jpeg,https://www.foody.vn/ho-chi-minh/koi-the-cafe-viet-nam-pearl-plaza,,,
Artisan Baked - Bánh Biscotti - Nguyễn Duy,522/525 Nguyễn Duy  P. 10  Quận 8  TP. HCM,https://images.foody.vn/res/g106/1053903/prof/s640x400/file_restaurant_photo_pruz_16331-ed3d1bb3-211002195408.jpeg,https://www.foody.vn/ho-chi-minh/artisan-baked-banh-biscotti-nguyen-duy,,,
Biscotti - Bánh Hạt Dinh Dưỡng - Nguyễn Duy,522/525 Nguyễn Duy  P. 10  Quận 8  TP. HCM,https://images.foody.vn/res/g106/1058719/prof/s640x400/file_restaurant_photo_rm2g_16331-114c86af-211002195047.jpeg,https://www.foody.vn/ho-chi-minh/biscotti-banh-hat-dinh-duong-nguyen-duy,,,
Quán Ốc Ngọc Yến,114 Đường Số 29  P. Bình Trị Đông  Quận Bình Tân  TP. HCM,https://images.foody.vn/res/g87/864034/prof/s640x400/foody-upload-api-foody-mobile-t11-jpg-181217143842.jpg,https://www.foody.vn/ho-chi-minh/quan-oc-ngoc-yen,,,
Làng Ốc Phố Biển - Bình Tân,422 Hương Lộ 2  P. Bình Trị Đông  Quận Bình Tân  TP. HCM,https://images.foody.vn/res/g3/21772/prof/s640x400/foody-mobile-15541632_17857726850-523-636179070152330286.jpg,https://www.foody.vn/ho-chi-minh/lang-oc-pho-bien-binh-tan,,,
Súp Cua Doanh,306/27 Nguyễn Thị Minh Khai  P. 5  Quận 3  TP. HCM,https://images.foody.vn/res/g100/996185/prof/s640x400/foody-upload-api-foody-mobile-hmzz-200102114440.jpg,https://www.foody.vn/ho-chi-minh/sup-cua-doanh,,,
Cafe Song Anh - Bánh Cuốn Nóng - Trương Gia Mô,14 Trương Gia Mô  P. Thạnh Mỹ Lợi  Quận 2  TP. HCM,https://images.foody.vn/res/g114/1132425/prof/s640x400/foody-upload-api-foody-mobile-90-9258260e-220404151739.jpeg,https://www.foody.vn/ho-chi-minh/cafe-song-anh-banh-cuon-nong-truong-gia-mo,,,
Lẩu Nhúng Nguyệt Hỷ - Nguyễn Tri Phương,194 Nguyễn Tri Phương  P. 4  Quận 10  TP. HCM,https://images.foody.vn/res/g1/1035/prof/s640x400/file_98043bad-ffc9-4cbd-ba3a-0d0-f9697a4b-211003130146.jpeg,https://www.foody.vn/ho-chi-minh/nguyet-hy-lau-nhung-va-xien-que-nguyen-tri-phuong,,,
Quán Bún Cá Châu Đốc - Bùi Văn Ba,122 Bùi Văn Ba  P. Tân Thuận Đông  Quận 7  TP. HCM,https://images.foody.vn/res/g114/1132729/prof/s640x400/file_restaurant_photo_box9_16499-c333b83f-220414113000.jpeg,https://www.foody.vn/ho-chi-minh/quan-bun-ca-chau-doc-bui-van-ba,,,
V Cà Phê - Trà Sữa & Ăn Vặt - Hoàng Sa,947 Hoàng Sa  P. 11  Quận 3  TP. HCM,https://images.foody.vn/res/g114/1132719/prof/s640x400/foody-upload-api-foody-mobile-nh-5cfa075c-220406194152.jpeg,https://www.foody.vn/ho-chi-minh/v-ca-phe-tra-sua-an-vat-hoang-sa,,,
Quán Ốc Cô Vy - Chuyên Ốc Dừa - Âu Cơ,452/9 Âu Cơ  P. 10  Quận Tân Bình  TP. HCM,https://images.foody.vn/res/g114/1132666/prof/s640x400/foody-upload-api-foody-mobile-cv-52bbc980-220406131122.jpeg,https://www.foody.vn/ho-chi-minh/quan-oc-co-vy-chuyen-oc-dua-au-co,,,
Quán Cơm Tấm Út Mai - Lê Thị Riêng,95/34 Lê Thị Riêng  P. Bến Thành  Quận 1  TP. HCM,https://images.foody.vn/res/g114/1132680/prof/s640x400/foody-upload-api-foody-mobile-da-e23e3205-220406145155.jpeg,https://www.foody.vn/ho-chi-minh/quan-com-tam-ut-mai-le-thi-rieng,,,
ZEN MILK TEA - Trà Sữa Trân Châu Đường Đen - Liên Ấp 2-6,F5/15H Liên Ấp 2-6  X. Vĩnh Lộc A  Huyện Bình Chánh  TP. HCM,https://images.foody.vn/res/g114/1132718/prof/s640x400/foody-upload-api-foody-mobile-4a-bdf3e10b-220406194100.jpeg,https://www.foody.vn/ho-chi-minh/zen-milk-tea-tra-sua-tran-chau-duong-den-lien-ap-2-6,,,
Fe'Viet Cà Phê Ngon Thiệt - Hoàng Diệu,L14 Hoàng Diệu  P. 6  Quận 4  TP. HCM,https://images.foody.vn/res/g114/1132470/prof/s640x400/foody-upload-api-foody-mobile-fe-516fb0de-220404182206.jpeg,https://www.foody.vn/ho-chi-minh/fe-viet-ca-phe-ngon-thiet-hoang-dieu,,,
Bún Riêu & Canh Bún,57 Thống Nhất  P. Tân Thành  Quận Tân Phú  TP. HCM,https://images.foody.vn/res/g30/295411/prof/s640x400/foody-mobile-1-jpg-788-636153228727737939.jpg,https://www.foody.vn/ho-chi-minh/bun-rieu-canh-bun-thong-nhat,,,
Quyền Ký Mì Gia - Mì  Sủi Cảo & Bò Kho,012 Lô J Chung Cư Nguyễn Thiện Thuật  Nguyễn Thiện Thuật  P. 1  Quận 3  TP. HCM,https://images.foody.vn/res/g69/687394/prof/s640x400/foody-mobile-hmb-jpg-689-636407257567852655.jpg,https://www.foody.vn/ho-chi-minh/quyen-ky-mi-gia-chung-cu-nguyen-thien-thuat,,,
IzBôn Tea - Nguyễn Thị Minh Khai,18Bis/22 Nguyễn Thị Minh Khai  P. ĐaKao  Quận 1  TP. HCM,https://images.foody.vn/res/g32/315581/prof/s640x400/foody-upload-api-foody-mobile-11-200703155407.jpg,https://www.foody.vn/ho-chi-minh/izbon-tea-nguyen-thi-minh-khai,,,
Ăn Vặt SoHan - Trà Sữa & Trà Trái Cây - Song Hành,36/7 Song Hành  X.Trung Chánh  Huyện Hóc Môn  TP. HCM,https://images.foody.vn/res/g114/1132469/prof/s640x400/foody-upload-api-foody-mobile-4a-d5b1021e-220404181525.jpeg,https://www.foody.vn/ho-chi-minh/an-vat-sohan-tra-sua-tra-trai-cay-song-hanh,,,
Quán Minh - Lẩu Bò Dê Trương Định,107P Trương Định  P. 6  Quận 3  TP. HCM,https://images.foody.vn/res/g2/10574/prof/s640x400/foody-mobile-21-jpg-577-635775903407004256.jpg,https://www.foody.vn/ho-chi-minh/quan-minh-lau-bo-de-truong-dinh,,,
Á Châu Dimsum - Dimsum  Há Cảo & Chả Giò - Bến Phú Lâm,188 Bến Phú Lâm  P. 9  Quận 6  TP. HCM,https://images.foody.vn/res/g108/1073857/prof/s640x400/foody-upload-api-foody-mobile-foody-upload-api-foo-210415134904.jpg,https://www.foody.vn/ho-chi-minh/a-chau-dimsum-dimsum-ha-cao-cha-gio-ben-phu-lam,,,
Hưng Ký - Cơm Chiên & Mì Xào,429/7 Lạc Long Quân  P. 5  Quận 11  TP. HCM,https://images.foody.vn/res/g103/1029266/prof/s640x400/file_restaurant_photo_wfin_16022-b5949f99-201009182135.jpg,https://www.foody.vn/ho-chi-minh/hung-ky-com-chien-mi-xao,,,
Quán Ăn Hùng Ký - Cơm Bình Dân,565 Lê Đức Thọ  P. 16  Quận Gò Vấp  TP. HCM,https://images.foody.vn/res/g73/721340/prof/s640x400/foody-mobile-t1-jpg.jpg,https://www.foody.vn/ho-chi-minh/quan-an-hung-ky-com-binh-dan,,,
Daebak Gogi BBQ - Ẩm Thực Hàn Quốc,27AB Tôn Thất Tùng  P. Phạm Ngũ Lão  Quận 1  TP. HCM,https://images.foody.vn/res/g30/290766/prof/s640x400/foody-mobile-4-jpg-357-636203369294246118.jpg,https://www.foody.vn/ho-chi-minh/daebak-gogi-bbq-am-thuc-han-quoc,,,
Bánh Xèo Sammy,89 Nguyễn Thái Sơn  P. 4  Quận Gò Vấp  TP. HCM,https://images.foody.vn/res/g4/34068/prof/s640x400/foody-mobile-hdk6dcvkdkapdel-jpg-185-635760886397510352.jpg,https://www.foody.vn/ho-chi-minh/banh-xeo-sammy,,,
Nechura - Nem Chua Rán Hà Nội - Bến Vân Đồn,254/30 Bến Vân Đồn  P. 5  Quận 4  TP. HCM,https://images.foody.vn/res/g106/1053280/prof/s640x400/foody-upload-api-foody-mobile-foody-upload-api-foo-201029093825.jpg,https://www.foody.vn/ho-chi-minh/nechura-nem-chua-ran-ha-noi-ben-van-don,,,
Cơm Chiên 3 Miền - Tô Hiến Thành,170 Tô Hiến Thành  P. 15  Quận 10  TP. HCM,https://images.foody.vn/res/g77/762087/prof/s640x400/foody-upload-api-foody-mobile-hmn-jpg-180720110739.jpg,https://www.foody.vn/ho-chi-minh/com-chien-3-mien-to-hien-thanh,,,
Đông Xuyên - Lẩu & Hải Sản,407 - 409 Nguyễn Chí Thanh  P. 15  Quận 5  TP. HCM,https://images.foody.vn/res/g1/5770/prof/s640x400/foody-mobile-dong-xuyen-jpg-173-636184519821300390.jpg,https://www.foody.vn/ho-chi-minh/dong-xuyen,,,
Nem Nướng Nha Trang 168,533/6 Quốc Lộ 13  P. Hiệp Bình Phước  Tp. Thủ Đức  TP. HCM,https://images.foody.vn/res/g107/1068018/prof/s640x400/file_restaurant_photo_vef8_16152-64fcefbe-210309123655.jpeg,https://www.foody.vn/ho-chi-minh/nem-nuong-nha-trang-168,,,
Bukchon Korea Restaurant - Vinhomes Central Park,L4 SH.08 Landmark 4  Vinhomes Central Park  208 Nguyễn Hữu Cảnh  P. 22  Quận Bình Thạnh  TP. HCM,https://images.foody.vn/res/g78/773433/prof/s640x400/foody-upload-api-foody-mobile-foody-bukchon-korea--180830101703.jpg,https://www.foody.vn/ho-chi-minh/bukchon-korea-restaurant-vinhomes-central-park,,,
Pizza 4P’s - Pizza Kiểu Nhật - Lê Thánh Tôn,8/15 Lê Thánh Tôn  P. Bến Nghé  Quận 1  TP. HCM,https://images.foody.vn/res/g1/1432/prof/s640x400/foody-mobile-mobile-jpg-174-635519918653945885.jpg,https://www.foody.vn/ho-chi-minh/pizza-4p-s-pizza-kieu-nhat-le-thanh-ton,,,
Quán Bánh Canh Thố Và Mì Trộn - Hồ Thị Kỷ,77/15 Hồ Thị Kỷ  P. 1  Quận 10  TP. HCM,https://images.foody.vn/res/g114/1132448/prof/s640x400/file_restaurant_photo_6vcu_16490-b5d9019d-220404202152.jpeg,https://www.foody.vn/ho-chi-minh/quan-banh-canh-tho-va-mi-tron-ho-thi-ky,,,
YeolKwang - Ẩm Thực Hàn Quốc,34 Hưng Gia 4  P. Tân Phong  Quận 7  TP. HCM,https://images.foody.vn/res/g63/625646/prof/s640x400/foody-mobile-12-jpg-772-636219791347686282.jpg,https://www.foody.vn/ho-chi-minh/yeol-kwang-am-thuc-han-quoc,,,
Chang - Modern Thai Cuisine - Vạn Hạnh Mall,Tầng 05  Trung tâm thương mại Vạn Hạnh Mall  11 Sư Vạn Hạnh  P. 12  Quận 10  TP. HCM,https://images.foody.vn/res/g113/1124670/prof/s640x400/foody-upload-api-foody-mobile-im-69cb6912-220106111502.jpg,https://www.foody.vn/ho-chi-minh/chang-modern-thai-cuisine-van-hanh-mall,,,
Mì Sườn Kho & Heo Viên,241 Nhật Tảo  P. 8  Quận 10  TP. HCM,https://images.foody.vn/res/g18/177671/prof/s640x400/foody-mobile-s-jpg-837-635808699026393522.jpg,https://www.foody.vn/ho-chi-minh/mi-suon-kho-heo-vien,,,
Mì Sườn Kho - Đường 3 Tháng 2,1171/19 Đường 3 Tháng 2  P. 6  Quận 11  TP. HCM,https://images.foody.vn/res/g95/949149/prof/s640x400/foody-upload-api-foody-mobile-130-191204102337.jpg,https://www.foody.vn/ho-chi-minh/mi-suon-kho,,,
Bún Riêu Cô Phương,72 Ngô Thị Thu Minh  Quận Tân Bình  TP. HCM,https://images.foody.vn/res/g80/790181/prof/s640x400/foody-upload-api-foody-mobile-no8-jpg-181029102029.jpg,https://www.foody.vn/ho-chi-minh/bun-rieu-banh-da-cua-cha-ngo-thi-thu-minh,,,
Bánh Đúc Nóng Bà Xuân - Nguyễn Kiệm,617/8 Nguyễn Kiệm  P. 9  Quận Phú Nhuận  TP. HCM,https://images.foody.vn/res/g106/1055639/prof/s640x400/foody-upload-api-foody-mobile-file_restaurant_phot-201113174123.jpeg,https://www.foody.vn/ho-chi-minh/banh-duc-nong-ba-xuan-nguyen-kiem,,,
Hủ Tiếu Bò Viên - Tôn Thất Tùng,60 Tôn Thất Tùng  P. Phạm Ngũ Lão  Quận 1  TP. HCM,https://images.foody.vn/res/g32/316826/prof/s640x400/foody-mobile-t1-jpg-216-636190310554445419.jpg,https://www.foody.vn/ho-chi-minh/hu-tieu-bo-vien-ton-that-tung,,,
Bún Bò Viên Tương,32/4 Nguyễn Huy Lượng  P. 14  Quận Bình Thạnh  TP. HCM,https://images.foody.vn/res/g66/659701/prof/s640x400/foody-mobile-dsfsdfsdfdsf-jpg-948-636305424643762512.jpg,https://www.foody.vn/ho-chi-minh/bun-bo-vien-tuong,,,
Bò Viên A Tạt - Bò Viên Nhân Sốt Hồng Kông - Cao Văn Lầu,130 Cao Văn Lầu  Quận 6  TP. HCM,https://images.foody.vn/res/g100001/1000000283/prof/s640x400/foody-upload-api-foody-mobile-4-200520115231.jpg,https://www.foody.vn/ho-chi-minh/bo-vien-a-ta-t-bo-vien-nhan-so-t-ho-ng-kong-cao-van-la-u.7kej4q,,,
Gà Cay Phô Mai & Ăn Vặt Cô Chủ Nhỏ,487B Hậu Giang  P.11  Quận 6  TP. HCM,https://images.foody.vn/res/g99/981566/prof/s640x400/foody-upload-api-foody-mobile-hm1-191119115628.jpg,https://www.foody.vn/ho-chi-minh/co-chu-nho-cac-mon-han,,,
Canh Bún & Bún Riêu Cua - Nguyễn Hữu Hào,39 Nguyễn Hữu Hào  P. 9  Quận 4  TP. HCM,https://images.foody.vn/res/g77/766747/prof/s640x400/foody-upload-api-foody-mobile-no4-jpg-180808115734.jpg,https://www.foody.vn/ho-chi-minh/canh-bun-bun-rieu-cua-nguyen-huu-hao,,,
Quán Bé Ốc - Hải Sản Tươi Sống,58/53 Vĩnh Khánh  P. 9  Quận 4  TP. HCM,https://images.foody.vn/res/g4/36277/prof/s640x400/foody-mobile-ryifle10-jpg-933-635826623894663914.jpg,https://www.foody.vn/ho-chi-minh/quan-be-oc-hai-san-tuoi-song,,,
Quán Bún Riêu Chị Ba - Đường 9A,14C Đường 9A  X. Bình Hưng  Huyện Bình Chánh  TP. HCM,https://images.foody.vn/res/g114/1132429/prof/s640x400/foody-upload-api-foody-mobile-bu-55cbf6da-220404152759.jpeg,https://www.foody.vn/ho-chi-minh/quan-bun-rieu-chi-ba-duong-9a,,,
Lẩu Mini Hotpot,1 Nguyễn Thái Học  Quận 1  TP. HCM,https://images.foody.vn/res/g105/1044890/prof/s640x400/foody-upload-api-foody-mobile-81260489_11059214712-200831173427.jpg,https://www.foody.vn/ho-chi-minh/lau-mini-hotpot,,,
Phá Lấu Cô Mai - 75 Tôn Đản,266/75 Tôn Đản  P. 4  Quận 4  TP. HCM,https://images.foody.vn/res/g103/1020533/prof/s640x400/foody-upload-api-foody-mobile-foody-upload-api-foo-200423161958.jpg,https://www.foody.vn/ho-chi-minh/pha-lau-co-mai-75-ton-dan,,,
Pizza 4P’s - Pizza Kiểu Nhật - Võ Văn Kiệt,608 Võ Văn Kiệt  P. Cầu Kho  Quận 1  TP. HCM,https://images.foody.vn/res/g81/802757/prof/s640x400/foody-upload-api-foody-mobile-4p-jpg-181218144425.jpg,https://www.foody.vn/ho-chi-minh/pizza-4p-s-pizza-kieu-nhat-vo-van-kiet,,,
Gogi House - Thịt Nướng Hàn Quốc - Quang Trung,1 Quang Trung  Quận Gò Vấp  TP. HCM,https://images.foody.vn/res/g73/727047/prof/s640x400/image-6f5bb540-200917112104.jpeg,https://www.foody.vn/ho-chi-minh/gogi-house-thit-nuong-han-quoc-quang-trung,,,
Sâm Hồ Lô - Nước Mát & Ăn Vặt - Trần Quý,52 Trần Quý  P. 6  Quận 11  TP. HCM,https://images.foody.vn/res/g114/1132422/prof/s640x400/foody-upload-api-foody-mobile-sa-7ab4a881-220404150701.jpg,https://www.foody.vn/ho-chi-minh/sam-ho-lo-nuoc-mat-an-vat-tran-quy,,,
Xôi Chiên Nhà Sushi,50/22/2 Phùng Văn Cung  P. 7  Quận Phú Nhuận  TP. HCM,https://images.foody.vn/res/g86/859973/prof/s640x400/foody-upload-api-foody-mobile-xoichien1-jpg-181208132330.jpg,https://www.foody.vn/ho-chi-minh/xoi-chien-nha-sushi,,,
Lẩu Nấm Thiên Nhiên Ashima - Tú Xương,11 Tú Xương  Quận 3  TP. HCM,https://images.foody.vn/res/g1/603/prof/s640x400/foody-mobile-lau-nam-ashima-mb-jp-901-635820603182461839.jpg,https://www.foody.vn/ho-chi-minh/ashima-restaurant,,,
Cô Hai Châu - Bánh Ướt & Bánh Cuốn - Đường Số 10,150 Đường Số 10  P. 13  Quận 6  TP. HCM,https://images.foody.vn/res/g114/1132423/prof/s640x400/foody-upload-api-foody-mobile-im-e18c3dbd-220404151108.jpg,https://www.foody.vn/ho-chi-minh/co-hai-chau-banh-uot-banh-cuon-duong-so-10,,,
Quán Mì Gọt Ngon,186 Bình Thới  P. 14  Quận 11  TP. HCM,https://images.foody.vn/res/g75/744547/prof/s640x400/file_restaurant_photo_ocmi_16337-6333f00e-211008235230.jpeg,https://www.foody.vn/ho-chi-minh/quan-mi-got-ngon,,,
Trà Sữa Double T,31 Hoàng Hoa Thám  Quận Bình Thạnh  TP. HCM,https://images.foody.vn/res/g26/250141/prof/s640x400/foody-mobile-t1-jpg-463-636041699258140200.jpg,https://www.foody.vn/ho-chi-minh/tra-sua-double-t,,,
Bánh Mì Bà Nội - Bánh Mì Thịt Nướng,246/55A Hòa Hưng  P. 13  Quận 10  TP. HCM,https://images.foody.vn/res/g97/965039/prof/s640x400/foody-upload-api-foody-mobile-banh-mi--191017142311.jpg,https://www.foody.vn/ho-chi-minh/ba-noi-kitchen-banh-mi-thit-nuong,,,
Ngon_Goodfood_Goodmood - Lẩu Bò Đà Lạt & Súp Bào Ngư - 131/45 Tô Hiến Thành,131/45 Tô Hiến Thành  P. 13  Quận 10  TP. HCM,https://images.foody.vn/res/g100004/1000033034/prof/s640x400/file_restaurant_photo_hrpg_16445-d9a66103-220211132655.jpg,https://www.foody.vn/ho-chi-minh/ngon-goodfood-goodmood-lau-bo-da-lat-sup-bao-ngu-131-45-to-hien-thanh.vedwkk,,,
Cẩm Vinh - Hủ Tiếu Mì,333 Xô Viết Nghệ Tĩnh  P. 24  Quận Bình Thạnh  TP. HCM,https://images.foody.vn/res/g91/901636/prof/s640x400/foody-upload-api-foody-mobile-foody-upload-api-foo-190830153144.jpg,https://www.foody.vn/ho-chi-minh/cam-vinh-hu-tieu-mi,,,
Bánh Canh Chả Cá Nha Trang - Hoàng Hoa Thám,205D Hoàng Hoa Thám  Quận Bình Thạnh  TP. HCM,https://images.foody.vn/res/g71/708564/prof/s640x400/foody-mobile-foody-banh-canh-cha-.jpg,https://www.foody.vn/ho-chi-minh/banh-canh-cha-ca-nha-trang-hoang-hoa-tham,,,
3 Râu - Gà Rán  Pizza & Trà Sữa - Lê Quang Định,568A Lê Quang Định  P. 1  Quận Gò Vấp  TP. HCM,https://images.foody.vn/res/g99/980997/prof/s640x400/image-aa2eaf9e-211027112030.jpeg,https://www.foody.vn/ho-chi-minh/3-rau-ga-ran-pizza-tra-sua-le-quang-dinh,,,
Quán Bánh Tráng Dì 9,976 Lò Gốm  Quận 6  TP. HCM,https://images.foody.vn/res/g75/747531/prof/s640x400/foody-upload-api-foody-mobile-banh-trang-tron-3-jp-180608145659.jpg,https://www.foody.vn/ho-chi-minh/quan-banh-trang-di-9,,,
Mì Quảng Dì Hai,334 Phạm Văn Đồng Phường 1  Quận Gò Vấp  TP. HCM,https://www.foody.vn/Style/images/deli-dish-no-image.png,,,,
Passio Coffee - 97 Lê Văn Duyệt,97 Lê Văn Duyệt  (số cũ 97 Đinh Tiên Hoàng) P. 3  Quận Bình Thạnh  TP. HCM,https://images.foody.vn/res/g3/20484/prof/s640x400/image-ac03505d-211105000404.jpeg,https://www.foody.vn/ho-chi-minh/passio-coffee-97-le-van-duyet,,,
Miền Thảo Mộc - Cafe Sân Vườn,554E Minh Phụng  P. 9  Quận 11  TP. HCM,https://images.foody.vn/res/g5/49583/prof/s640x400/foody-mobile-mien-moc-thao-mb-jpg-564-635970013373126738.jpg,https://www.foody.vn/ho-chi-minh/mien-thao-moc-cafe-san-vuon,,,
Trà Sữa Chia & Trà Dâu - Lương Nhữ Học,177A Lương Nhữ Học  P. 11  Quận 5  TP. HCM,https://images.foody.vn/res/g94/932247/prof/s640x400/foody-upload-api-foody-mobile-12-190814161823.jpg,https://www.foody.vn/ho-chi-minh/tra-sua-chia-tra-dau-luong-nhu-hoc,,,
Flyfood - Quảng Bá Ẩm Thực Truyền Thống Việt Nam,7/3 Hồ Biểu Chánh  P. 12  Quận Phú Nhuận  TP. HCM,https://images.foody.vn/res/g7/67391/prof/s640x400/foody-upload-api-foody-mobile-9-201102143055.jpg,https://www.foody.vn/ho-chi-minh/flyfood-mon-ngon-giao-tan-nha,,,
Bún Thịt Nướng - Chợ Kim Biên,Chợ Kim Biên  Vạn Tượng  Quận 5  TP. HCM,https://images.foody.vn/res/g10/99702/prof/s640x400/foody-mobile-hmb-bun-thit-nuong-j-197-635506924828583975.jpg,https://www.foody.vn/ho-chi-minh/bun-thit-nuong-cho-kim-bien,,,
Tàu Hũ Papa - Nguyễn Thái Sơn,482 Nguyễn Thái Sơn  P. 5  Quận Gò Vấp  TP. HCM,https://images.foody.vn/res/g112/1119677/prof/s640x400/foody-upload-api-foody-mobile-ta-cfcfe46f-211206101842.jpeg,https://www.foody.vn/ho-chi-minh/tau-hu-papa-nguyen-thai-son,,,
Tiểu Nhị - Cơm Chiên  Mì Xào & Hủ Tiếu Xào,125/56 Đinh Tiên Hoàng  P. 3  Quận Bình Thạnh  TP. HCM,https://images.foody.vn/res/g79/781181/prof/s640x400/image-3ca2cc8b-200910114153.jpeg,https://www.foody.vn/ho-chi-minh/tieu-nhi-com-chien-mi-xao-hu-tieu-xao,,,
Nàng Nen - Bánh Chuối & Rau Câu - Shop Online,156/74 Phú Thọ Hòa  Phường Phú Thọ Hòa  Quận Tân Phú  TP. HCM,https://images.foody.vn/res/g100001/1000001337/prof/s640x400/file_b11d6841-b055-4bca-a733-d50-8f9c8814-201110151215.jpeg,https://www.foody.vn/ho-chi-minh/nang-nen-banh-chuoi-rau-cau-shop-online,,,
Bánh Canh Cua - Nguyễn Thượng Hiền,292 Nguyễn Thượng Hiền  P. 6  Quận Bình Thạnh  TP. HCM,https://images.foody.vn/res/g14/131317/prof/s640x400/foody-mobile-banhcanhcua-jpg-979-635654904838018899.jpg,https://www.foody.vn/ho-chi-minh/banh-canh-cua-nguyen-thuong-hien,,,
Bún Mọc Hùng Mập - Quang Trung,738 Quang Trung  P. 8  Quận Gò Vấp  TP. HCM,https://images.foody.vn/res/g77/765407/prof/s640x400/foody-upload-api-foody-mobile-foody-checkin-bun-mo-180731175709.jpg,https://www.foody.vn/ho-chi-minh/bun-moc-hung-map-quang-trung,,,
Quán Chay Thiện Tâm - Thống Nhất,33E Thống Nhất  P. 10  Quận Gò Vấp  TP. HCM,https://images.foody.vn/res/g14/139644/prof/s640x400/foody-mobile-hmb-tt-jpg-160-635684028473941004.jpg,https://www.foody.vn/ho-chi-minh/quan-chay-thien-tam-thong-nhat,,,
Lines - Milktea & Coffee - Đường 3 Tháng 2,557 Đường 3 Tháng 2  P. 8  Quận 10  TP. HCM,https://images.foody.vn/res/g95/942224/prof/s640x400/foody-upload-api-foody-mobile-line-191127121321.jpg,https://www.foody.vn/ho-chi-minh/lines-milktea-coffee-duong-3-thang-2,,,
Bún Cá Rô Đồng - Tân Sơn Nhì,205 Tân Sơn Nhì  P. Tân Sơn Nhì  Quận Tân Phú  TP. HCM,https://images.foody.vn/res/g3/24052/prof/s640x400/foody-mobile-38g4ugbc-jpg-585-636178262437078857.jpg,https://www.foody.vn/ho-chi-minh/bun-ca-ro-dong-tan-son-nhi,,,
Here & Now Cafe,220/12 Nguyễn Trọng Tuyển  P. 8  Quận Phú Nhuận  TP. HCM,https://images.foody.vn/res/g23/220127/prof/s640x400/foody-upload-api-foody-mobile-here-now-1-210329164005.jpeg,https://www.foody.vn/ho-chi-minh/here-now-cafe,,,
Jenny's - Crepes & Sweets,45/16 Ông Ích Khiêm  P. 10  Quận 11  TP. HCM,https://images.foody.vn/res/g10/91707/prof/s640x400/foody-mobile-7-2-jpg-936-635519045899036019.jpg,https://www.foody.vn/ho-chi-minh/jenny-s-crepes-sweets,,,
Nekobee - Trà Sữa - Cầu Nguyễn Tri Phương,40 Phạm Hùng  P. 10  Quận 8  TP. HCM,https://images.foody.vn/res/g104/1036886/prof/s640x400/foody-upload-api-foody-mobile-0_izeaximltngbjoga-200716160738.jpg,https://www.foody.vn/ho-chi-minh/nekobee-tra-sua-cau-nguyen-tri-phuong,,,
Ốc Quỳnh - Nhiêu Tứ,1A Nhiêu Tứ  P. 7  Quận Phú Nhuận  TP. HCM,https://images.foody.vn/res/g10/93324/prof/s640x400/file_restaurant_photo_nyzg_16082-dbf13407-201218193603.jpg,https://www.foody.vn/ho-chi-minh/oc-quynh-nhieu-tu,,,
Quán Cơm Susi,27A Bùi Quang Là  P. 12  Quận Gò Vấp  TP. HCM,https://images.foody.vn/res/g72/712452/prof/s640x400/foody-mobile-foody-quan-com-susi-.jpg,https://www.foody.vn/ho-chi-minh/quan-com-susi,,,
Bún Đậu Mắm Tôm Quê Nhà 160,160 Nguyễn Văn Tăng  P. Long Thạnh Mỹ  Quận 9  TP. HCM,https://images.foody.vn/res/g107/1064710/prof/s640x400/foody-upload-api-foody-mobile-142982515_1142004372-210304202640.jpg,https://www.foody.vn/ho-chi-minh/bun-dau-mam-tom-que-nha-160,,,
BeefSteak - Mì Ý - Salad Cow Express - Sư Vạn Hạnh,457 Sư Vạn Hạnh  P. 12  Quận 10  TP. HCM,https://images.foody.vn/res/g9/87295/prof/s640x400/2015615104648-foody-avatar-1.jpg,https://www.foody.vn/ho-chi-minh/cow-express-su-van-hanh,,,
Cháo Ếch Singapore 86 - Lê Văn Thọ,491 Lê Văn Thọ  P. 9  Quận Gò Vấp  TP. HCM,https://images.foody.vn/res/g114/1130398/prof/s640x400/file_restaurant_photo_fah5_16479-9f92b2dc-220322135244.jpeg,https://www.foody.vn/ho-chi-minh/chao-ech-singapore-86-le-van-tho,,,
Mì Trộn BiBi,491 Lô Q Đoàn Văn Bơ (Hẻm 188 Đoàn Văn Bơ)  P. 9  Quận 4  TP. HCM,https://images.foody.vn/res/g106/1057498/prof/s640x400/file_restaurant_photo_vage_16073-fda4a938-201207123312.jpg,https://www.foody.vn/ho-chi-minh/mi-tron-bibi,,,
Cơm Gà Dân Ký - Thuận Kiều,59B Thuận Kiều  P. 12  Quận 5  TP. HCM,https://images.foody.vn/res/g14/130961/prof/s640x400/foody-mobile-tx05kvmf-jpg-948-636166980756957840.jpg,https://www.foody.vn/ho-chi-minh/com-ga-dan-ky-thuan-kieu,,,
Lobster Bay - Nhà Hàng Hải Sản - Kỳ Đồng,10B Kỳ Đồng  P. 9  Quận 3  TP. HCM,https://images.foody.vn/res/g31/309975/prof/s640x400/foody-upload-api-foody-mobile-28-191220093348.jpg,https://www.foody.vn/ho-chi-minh/lobster-bay-nha-hang-hai-san-ky-dong,,,
Trà Sữa Cactus,4C Lò Siêu  P. 16  Quận 11  TP. HCM,https://images.foody.vn/res/g105/1049517/prof/s640x400/file_restaurant_photo_s1c2_16186-e3537e3d-210417191906.jpg,https://www.foody.vn/ho-chi-minh/tra-sua-cactus,,,
Bánh Mì Que Pháp - Tô Hiến Thành,268 Tô Hiến Thành  Quận 10  TP. HCM,https://images.foody.vn/res/g21/205840/prof/s640x400/beauty-upload-api-image-200812153723.jpeg,https://www.foody.vn/ho-chi-minh/bmq-banh-mi-que-phap,,,
Bánh Cuộn Trứng Muối  Trà Sữa & Ăn Vặt - Shop Online,156/1/2 Lê Văn Thọ  P. 11  Quận Gò Vấp  TP. HCM,https://images.foody.vn/res/g71/704177/prof/s640x400/foody-mobile-editor_pic-433-14099.jpg,https://www.foody.vn/ho-chi-minh/banh-cuon-trung-muoi-tra-sua-an-vat-shop-online,,,
Chị Út - Bánh Canh Cua,211 Minh Phụng  Quận 6  TP. HCM,https://images.foody.vn/res/g74/735607/prof/s640x400/foody-upload-api-foody-mobile-4-jpg-180426104511.jpg,https://www.foody.vn/ho-chi-minh/chi-ut-banh-canh-cua,,,
Royaltea - Đinh Tiên Hoàng,91 Đinh Tiên Hoàng  P. 3  Quận Bình Thạnh  TP. HCM,https://images.foody.vn/res/g93/923262/prof/s640x400/2019612111641-152c1adc4264a73afe75.jpg,https://www.foody.vn/ho-chi-minh/royaltea-dinh-tien-hoang,,,
123 Zô - Lẩu & Nướng - 455 Phạm Văn Đồng,455 Phạm Văn Đồng  P. 13  Quận Bình Thạnh  TP. HCM,https://images.foody.vn/res/g10/95266/prof/s640x400/foody-mobile-hmb-f-jpg-566-635781944793999938.jpg,https://www.foody.vn/ho-chi-minh/123-zo-lau-nuong-455-pham-van-dong,,,
123 Zô - Lẩu & Nướng - 303 Phạm Văn Đồng,303 Phạm Văn Đồng  Quận Gò Vấp  TP. HCM,https://images.foody.vn/res/g75/743489/prof/s640x400/foody-upload-api-foody-mobile-2-jpg-180530140432.jpg,https://www.foody.vn/ho-chi-minh/123-zo-lau-nuong-303-pham-van-dong,,,
Cháo Lòng - Vạn Kiếp,Đầu Hẻm 106 Vạn Kiếp  Quận Bình Thạnh  TP. HCM,https://images.foody.vn/res/g8/71194/prof/s640x400/foody-mobile-d-jpg-296-635848189449941550.jpg,https://www.foody.vn/ho-chi-minh/chao-long-van-kiep,,,
Gà Nướng ANH HAI - Gà Nướng - Tô Hiến Thành,52 Tô Hiến Thành  P. 15  Quận 10  TP. HCM,https://images.foody.vn/res/g100003/1000024549/prof/s640x400/file_restaurant_photo_7adn_16211-16343300-210516151314.jpeg,https://www.foody.vn/ho-chi-minh/ga-nuong-anh-hai-ga-nuong-to-hien-thanh.zb05at,,,
Gà Sốt Cay Hàn Quốc - Lê Hồng Phong,29/3 Nguyễn Gia Trí  P. 25  Quận Bình Thạnh  TP. HCM,https://images.foody.vn/res/g95/940971/prof/s640x400/file_restaurant_photo_sqgo_16339-1978dd2e-211011131817.jpg,https://www.foody.vn/ho-chi-minh/ga-sot-cay-han-quoc-van-kiep,,,
Nhà Hàng Chay Hòa Đạo Tường,57 Nguyễn Thị Thập (KDC HimLam)  P. Tân Hưng  Quận 7  TP. HCM,https://images.foody.vn/res/g108/1070834/prof/s640x400/foody-upload-api-foody-mobile-img_20210122_190448-210326164136.jpg,https://www.foody.vn/ho-chi-minh/nha-hang-chay-hoa-dao-tuong,,,
Cháo Dinh Dưỡng Cây Thị - Nguyễn Thị Định,396 Nguyễn Thị Định  P. Bình Trưng Tây  Quận 2  TP. HCM,https://images.foody.vn/res/g4/38987/prof/s640x400/foody-upload-api-foody-mobile-aaaaaaa-191028094655.jpg,https://www.foody.vn/ho-chi-minh/thuc-pham-dinh-duong-cay-thi-nguyen-thi-dinh,,,
Quán Cơm Gia Đình - Nguyễn Cảnh Chân,TK15/15 Nguyễn Cảnh Chân  P. Cầu Kho  Quận 1  TP. HCM,https://images.foody.vn/res/g68/671517/prof/s640x400/foody-mobile-hmb-jpg-691-636347610305035979.jpg,https://www.foody.vn/ho-chi-minh/quan-com-gia-dinh-nguyen-canh-chan,,,
Gogi House - Nướng Hàn Quốc - Nguyễn Huệ,99 Nguyễn Huệ  P. Bến Nghé  Quận 1  TP. HCM,https://images.foody.vn/res/g100/997226/prof/s640x400/foody-upload-api-foody-mobile-1-200408093355.jpg,https://www.foody.vn/ho-chi-minh/gogi-house-nuong-han-quoc-nguyen-hue,,,
Chè Nghĩa,861 Hậu Giang  P. 11  Quận 6  TP. HCM,https://images.foody.vn/res/g74/736798/prof/s640x400/foody-upload-api-foody-mobile-6-jpg-181123140305.jpg,https://www.foody.vn/ho-chi-minh/che-nghia,,,
Phở Hà Thành - Nguyễn Hữu Thọ,641 Nguyễn Hữu Thọ  P. Tân Phong  Quận 7  TP. HCM,https://images.foody.vn/res/g73/720518/prof/s640x400/foody-mobile-1-jpg.jpg,https://www.foody.vn/ho-chi-minh/pho-ha-thanh-nguyen-huu-tho,,,
Coffit - Trà Sữa & Bánh Mì Que - Phạm Phú Thứ,174 Phạm Phú Thứ  P. 11  Quận Tân Bình  TP. HCM,https://images.foody.vn/res/g103/1026724/prof/s640x400/file_restaurant_photo_k7fm_16148-1db74622-210304181947.jpg,https://www.foody.vn/ho-chi-minh/coffit-tra-sua-banh-mi-que-pham-phu-thu,,,
Mì Trộn Chú Tô - Mì Trộn - Lê Thánh Tôn,02 Lê Thánh Tôn  P. Bến Nghé  Quận 1  TP. HCM,https://images.foody.vn/res/g100003/1000025980/prof/s640x400/file_0fa31f9a-30ad-462c-8fa3-606-4ff39f7c-210525163345.jpeg,https://www.foody.vn/ho-chi-minh/mi-tron-chu-to-mi-tron-le-thanh-ton.jeordu,,,
U Cafe - Vinhomes Central Park,SH06 - Landmark 1  Vinhomes Central Park  208 Nguyễn Hữu Cảnh  P. 22  Quận Bình Thạnh  TP. HCM,https://images.foody.vn/res/g74/730093/prof/s640x400/foody-upload-api-foody-mobile-11-190302074751.jpg,https://www.foody.vn/ho-chi-minh/u-cafe-vinhomes-central-park,,,
Boong Cafe & Cao Lầu,345/51 Trần Hưng Đạo  Quận 1  TP. HCM,https://images.foody.vn/res/g69/681891/prof/s640x400/foody-mobile-hml-jpg-569-636384768647938600.jpg,https://www.foody.vn/ho-chi-minh/boong-cafe-cao-lau,,,
Hokkaido Baked Cheese Tart - Estella Place,Estella Place  L4-29B  88 Song Hành  P. An Phú  Quận 2  TP. HCM,https://images.foody.vn/res/g87/868184/prof/s640x400/foody-upload-api-foody-mobile-fgfg-jpg-181220100233.jpg,https://www.foody.vn/ho-chi-minh/hokkaido-baked-cheese-tart-estella-place,,,
Long Geylang - Cháo Ếch Geylang & Dimsum - Nguyễn Công Trứ,81 Nguyễn Công Trứ  P. Nguyễn Thái Bình  Quận 1  TP. HCM,https://images.foody.vn/res/g93/923676/prof/s640x400/foody-upload-api-foody-mobile-klkl-190529100205.jpg,https://www.foody.vn/ho-chi-minh/long-geylang-chao-ech-geylang-dimsum-nguyen-cong-tru,,,
Bò Tơ Tây Ninh Năm Sánh,794 Âu Cơ  P. 14  Quận Tân Bình  TP. HCM,https://images.foody.vn/res/g10/93661/prof/s640x400/foody-mobile-vuon-dua-3-mb-jpg-635464209276150547.jpg,https://www.foody.vn/ho-chi-minh/bo-to-tay-ninh-nam-sanh,,,
Trà Sữa BiBimBin - Hòa Hảo,340 Hòa Hảo  P. 4  Quận 10  TP. HCM,https://images.foody.vn/res/g73/725472/prof/s640x400/foody-upload-api-foody-mobile-foody-tra-sua-bibimb-180320104354.jpg,https://www.foody.vn/ho-chi-minh/tra-sua-bibimbin-hoa-hao,,,
Hẻm - Juice & Milktea,40/1 Đào Duy Từ  Quận 10  TP. HCM,https://images.foody.vn/res/g73/723879/prof/s640x400/foody-upload-api-foody-mobile-foody-hem-juice-and3-180314120141.jpg,https://www.foody.vn/ho-chi-minh/hem-juice-milktea,,,
Moon Bubble Tea,232/18 Cao Thắng  P. 12  Quận 10  TP. HCM,https://images.foody.vn/res/g24/235498/prof/s640x400/foody-mobile-untitled-1-jpg-571-635987509130621773.jpg,https://www.foody.vn/ho-chi-minh/moon-bubble-tea,,,
NAMBENTô - Cơm  Mì  Snack - Pico Lotte,Tầng 2 Pico Lotte  20 Cộng Hòa  P. 12  Quận Tân Bình  TP. HCM,https://images.foody.vn/res/g76/751860/prof/s640x400/foody-upload-api-foody-mobile-hmkk-jpg-180618161523.jpg,https://www.foody.vn/ho-chi-minh/nambento-com-mi-snack-pico-lotte,,,
Gà Ta Tường Vy - Cơm Gà  Cháo & Gỏi Gà - Tân Thành,58 Tân Thành  P. Hoà Thạnh  Quận Tân Phú  TP. HCM,https://images.foody.vn/res/g73/725846/prof/s640x400/foody-upload-api-foody-mobile-32a-190419134659.jpg,https://www.foody.vn/ho-chi-minh/ga-ta-tuong-vy-com-ga-chao-goi-ga-tan-thanh,,,
Bánh Ướt Ban Mê - Đường Số 14,M4 Đường Số 14  P. 3  Quận Bình Thạnh  TP. HCM,https://images.foody.vn/res/g10/92858/prof/s640x400/file_restaurant_photo_cglc_16240-de438813-210618183410.jpeg,https://www.foody.vn/ho-chi-minh/banh-uot-ban-me,,,
Cô Năm - Bánh Xèo Miền Tây,391/3 Trần Hưng Đạo  P. Cầu Kho  Quận 1  TP. HCM,https://images.foody.vn/res/g22/215935/prof/s640x400/foody-mobile-foody-banh-xeo-mien--772-635926771847193341.jpg,https://www.foody.vn/ho-chi-minh/co-nam-banh-xeo-mien-tay,,,
Lẩu Dê & Cua 245 - Hoàng Sa,91B Hoàng Sa  P. Đa Kao  Quận 1  TP. HCM,https://images.foody.vn/res/g105/1048916/prof/s640x400/foody-upload-api-foody-mobile-117146966_1898287191-200930134106.jpg,https://www.foody.vn/ho-chi-minh/lau-de-cua-245-hoang-sa,,,
Dynasty House - Phùng Khắc Khoan,40 Phùng Khắc Khoan  P. Đa Kao  Quận 1  TP. HCM,https://images.foody.vn/res/g112/1117254/prof/s640x400/foody-upload-api-foody-mobile-co-b3e2c48f-211118173732.jpeg,https://www.foody.vn/ho-chi-minh/dynasty-house-phung-khac-khoan,,,
Au Lac Do Brazil - Phùng Khắc Khoan,40 Phùng Khắc Khoan  P. Đa Kao  Quận 1  TP. HCM,https://images.foody.vn/res/g112/1117718/prof/s640x400/foody-upload-api-foody-mobile-im-90f245a2-211122163933.jpg,https://www.foody.vn/ho-chi-minh/au-lac-do-brazil-phung-khac-khoan,,,
Crystal Jade Palace - Lotte Legend Saigon Hotel,Legend Hotel  2A - 4A Tôn Đức Thắng  P. Bến Nghé  Quận 1  TP. HCM,https://images.foody.vn/res/g1/5469/prof/s640x400/foody-upload-api-foody-mobile-1212-210112134926.jpg,https://www.foody.vn/ho-chi-minh/crystal-jade-palace-legend-lounge-sai-gon,,,
Au Lac Do Brazil - Thịt Nướng Brazil - Pasteur,238 Pasteur  P. 6  Quận 3  TP. HCM,https://images.foody.vn/res/g1/1232/prof/s640x400/foody-upload-api-foody-mobile-7-200916152926.jpg,https://www.foody.vn/ho-chi-minh/au-lac-do-brazil-thit-nuong-brazil-pasteur,,,
Dynasty House - HongKong Dimsum & Hotpot,Tầng Trệt  2-4-6 Đồng Khởi  P. Bến Nghé  Quận 1  TP. HCM,https://images.foody.vn/res/g105/1041130/prof/s640x400/foody-upload-api-foody-mobile-12345-210426180313.jpg,https://www.foody.vn/ho-chi-minh/dynasty-house-hongkong-dimsum-hotpot,,,
The Dome Dining & Drinks,Tầng 2 Little Saigon  2-4-6 Đồng Khởi  P. Bến Nghé  Quận 1  TP. HCM,https://images.foody.vn/res/g104/1036012/prof/s640x400/foody-upload-api-foody-mobile-1-200713174114.jpg,https://www.foody.vn/ho-chi-minh/the-dome-dining-drinks,,,
Jumbo Seafood,Tầng 1  2 - 4 - 6 Đồng Khởi  P. Bến Nghé  Quận 1  TP. HCM,https://images.foody.vn/res/g68/670023/prof/s640x400/foody-mobile-5-jpg-997-636420994701067993.jpg,https://www.foody.vn/ho-chi-minh/jumbo-seafood,,,
Nhà Hàng Unatoto - Cơm Lươn Nhật Bản,56 Trương Định  P. Bến Thành  Quận 1  TP. HCM,https://images.foody.vn/res/g98/976186/prof/s640x400/foody-upload-api-foody-mobile-aaaaa-191105085739.jpg,https://www.foody.vn/ho-chi-minh/nha-hang-unatoto-com-luon-nhat-ban,,,
Gà Ta Sơn Ca - Cháo & Gỏi Gà,180A Phạm Văn Chí  Quận 6  TP. HCM,https://images.foody.vn/res/g73/726057/prof/s640x400/foody-upload-api-foody-mobile-fg-jpg-180323151733.jpg,https://www.foody.vn/ho-chi-minh/ga-ta-son-ca-chao-goi-ga,,,
Gà Ta Ngon Số 1 - Cơm Gà  Cháo Gà & Gỏi Gà - Út Tịch,45 Út Tịch  P. 4   Quận Tân Bình  TP. HCM,https://images.foody.vn/res/g74/732560/prof/s640x400/foody-upload-api-foody-mobile-foody-mobile-hmmmmmm-200820140636.jpg,https://www.foody.vn/ho-chi-minh/ga-ta-ngon-so-1-ut-tich,,,
Bánh Cuốn Nóng Chợ Chiều,314 Nguyễn Thị Định  Quận 2  TP. HCM,https://images.foody.vn/res/g4/38982/prof/s640x400/foody-mobile-nlg9f2ov-jpg-300-636220549863016709.jpg,https://www.foody.vn/ho-chi-minh/banh-cuon-nong-cho-chieu,,,
Chasu Tea - Trà Sữa Sạch Trái Cây Tươi,95 Hồ Văn Huê  P. 9  Quận Phú Nhuận  TP. HCM,https://images.foody.vn/res/g91/903251/prof/s640x400/foody-upload-api-foody-mobile-aaaa-191111100639.jpg,https://www.foody.vn/ho-chi-minh/chasu-tea-tra-sua-sach-trai-cay-tuoi,,,
Chasu - Sinh Tố Sữa Chua Nếp Cẩm & Trái Cây Tươi,95 Hồ Văn Huê  P. 9  Quận Phú Nhuận  TP. HCM,https://images.foody.vn/res/g95/945951/prof/s640x400/foody-upload-api-foody-mobile-hmzz-200213122546.jpg,https://www.foody.vn/ho-chi-minh/chasu-sinh-to-sua-chua-nep-cam-trai-cay-tuoi,,,
Bún Thịt Xào Cô Thanh,52/9 Cao Thắng  P. 5  Quận 3  TP. HCM,https://images.foody.vn/res/g99/984190/prof/s640x400/foody-upload-api-foody-mobile-bunth-191202081702.jpg,https://www.foody.vn/ho-chi-minh/bun-thit-xao-co-thanh-shop-online,,,
Vịt Quay Lạng Sơn Phú Hà Thành,81 Trần Hữu Trang  P. 10  Quận Phú Nhuận  TP. HCM,https://images.foody.vn/res/g106/1055584/prof/s640x400/foody-upload-api-foody-mobile-foody-upload-api-foo-201113150913.jpg,https://www.foody.vn/ho-chi-minh/vit-quay-lang-son-phu-ha-thanh,,,
Phờ Bò Phương Béo,22C Lam Sơn  P. 2  Quận Tân Bình  TP. HCM,https://images.foody.vn/res/g71/700834/prof/s640x400/foody-mobile-t6-jpg.jpg,https://www.foody.vn/ho-chi-minh/pho-van-22c,,,
I Love Kem - Lê Hồng Phong,260 Lê Hồng Phong  P. 4  Quận 5  TP. HCM,https://images.foody.vn/res/g25/241225/prof/s640x400/foody-mobile-foody-i-love-kem-115-732-636003679511444949.jpg,https://www.foody.vn/ho-chi-minh/i-love-kem-le-hong-phong,,,
Cô Loan - Bún Mắm & Lẩu Mắm Miền Tây,65 Đỗ Xuân Hợp  P. Phước Long B  Quận 9  TP. HCM,https://images.foody.vn/res/g77/766531/prof/s640x400/file_restaurant_photo_gxgs_16220-39b32e07-210527112543.jpg,https://www.foody.vn/ho-chi-minh/co-loan-bun-mam-lau-mam-mien-tay,,,
Bún Mắm Miền Tây - Song Hành,492/16 Song Hành Xa Lộ Hà Nội  Quận 9  TP. HCM,https://images.foody.vn/res/g77/760121/prof/s640x400/foody-upload-api-foody-mobile-2-gif-180713163044.jpg,https://www.foody.vn/ho-chi-minh/bun-mam-mien-tay-song-hanh,,,
MaDi - Tiệm Bánh Kem,1/8 Pastuer  P. Nguyễn Thái Bình  Quận 1  TP. HCM,https://images.foody.vn/res/g64/639519/prof/s640x400/foody-mobile-dgfsdf-jpg-496-636241298040581879.jpg,https://www.foody.vn/ho-chi-minh/madi-tiem-banh-kem,,,
Cơm Tấm Ớt Xiêm,568 Vĩnh Khánh  Quận 4  TP. HCM,https://images.foody.vn/res/g32/310701/prof/s640x400/foody-mobile-c2-jpg-448-636168770716857016.jpg,https://www.foody.vn/ho-chi-minh/com-tam-ot-xiem,,,
Xôi Gà Heo Quay - Nguyễn Gia Trí,207 Nguyễn Gia Trí (Đường D2)  Quận Bình Thạnh  TP. HCM,https://images.foody.vn/res/g75/743332/prof/s640x400/foody-upload-api-foody-mobile-fgh-gif-180529150721.jpg,https://www.foody.vn/ho-chi-minh/xoi-ga-heo-quay-duong-d2,,,
Xôi Cô Chang,69/1C Nguyễn Gia Trí  P. 25  Quận Bình Thạnh  TP. HCM,https://images.foody.vn/res/g103/1021376/prof/s640x400/foody-upload-api-foody-mobile-93826063_26095870863-200503164810.jpg,https://www.foody.vn/ho-chi-minh/xoi-co-chang,,,
Quán Phở Chay Như - Trương Quyền,54 Trương Quyền  Quận 3  TP. HCM,https://images.foody.vn/res/g4/35428/prof/s640x400/foody-mobile-qspt2ezn-jpg-883-635949241442329492.jpg,https://www.foody.vn/ho-chi-minh/quan-pho-chay-nhu-truong-quyen,,,
Phở 24 - Vinhomes Central Park,Park 4  SH05 Vinhomes Central Park  720A Điện Biên Phủ  P. 22  Quận Bình Thạnh  TP. HCM,https://images.foody.vn/res/g105/1047931/prof/s640x400/image-9c7bb594-220119085808.jpeg,https://www.foody.vn/ho-chi-minh/pho-24-vinhomes-central-park,,,
Bánh Cuốn Nóng - Lê Văn Sỹ,413/25 Lê Văn Sỹ  P. 12   Quận 3  TP. HCM,https://images.foody.vn/res/g10/91862/prof/s640x400/foody-mobile-8-2-jpg-635455134447370560.jpg,https://www.foody.vn/ho-chi-minh/banh-cuon-nong-le-van-sy,,,
TVàng Drink & Food,368 Cao Thắng Nối Dài  P. 12  Quận 10  TP. HCM,https://images.foody.vn/res/g100/998014/prof/s640x400/foody-upload-api-foody-mobile-comgakhgfkhfg-200109144104.jpg,https://www.foody.vn/ho-chi-minh/tvang-drink-food,,,
Tá Lả - Ăn Vặt  Mì Xào  Cơm Chiên & Sinh Tố - Phan Văn Trị,497/2 Phan Văn Trị  P. 5  Quận Gò Vấp  TP. HCM,https://images.foody.vn/res/g100001/1000000241/prof/s640x400/image-1e93bc8c-200908105705.jpeg,https://www.foody.vn/ho-chi-minh/ta-la-an-vat-mi-xao-com-chien-sinh-to-phan-van-tri,,,
Une Journée à Paris Cafe & Bakery,17 Trần Quốc Toản  P. 8  Quận 3  TP. HCM,https://images.foody.vn/res/g5/46653/prof/s640x400/foody-mobile-12-jpg-478-636240421161379551.jpg,https://www.foody.vn/ho-chi-minh/une-journee-a-paris-cafe,,,
Takoyaki Chochin - Đường Số 16,S9 Đường Số 16  P. 3  Quận Bình Thạnh  TP. HCM,https://images.foody.vn/res/g26/250499/prof/s640x400/file_restaurant_photo_1j00_16476-90471afd-220319182749.jpeg,https://www.foody.vn/ho-chi-minh/takoyaki-chochin,,,
Ốc Nhảy,37/2A Đường Số 7  Tp. Thủ Đức  TP. HCM,https://images.foody.vn/res/g70/694367/prof/s640x400/foody-mobile-c2-jpg-747-636434188954586409.jpg,https://www.foody.vn/ho-chi-minh/oc-nhay,,,
Xôi Gà 40 Vạn Kiếp,140 Vạn Kiếp  Quận Bình Thạnh  TP. HCM,https://images.foody.vn/res/g74/735178/prof/s640x400/foody-upload-api-foody-mobile-no1-jpg-180423171612.jpg,https://www.foody.vn/ho-chi-minh/xoi-ga-40-van-kiep,,,
178 - Cơm Tấm Đêm,178 Hậu Giang  P. 6  Quận 6  TP. HCM,https://images.foody.vn/res/g63/629894/prof/s640x400/foody-mobile-t8-jpg-947-636208704717416284.jpg,https://www.foody.vn/ho-chi-minh/178-com-tam-dem,,,
Ếch Chỉ - Ếch Chiên Nước Mắm,49/99 Đinh Tiên Hoàng  P. 3 (Mặt Tiền Đường Trường Sa)  Quận Bình Thạnh  TP. HCM,https://images.foody.vn/res/g8/73005/prof/s640x400/foody-mobile-ho6j9cvu-jpg-553-635799806938072434.jpg,https://www.foody.vn/ho-chi-minh/ech-chi-ech-chien-nuoc-mam,,,
Xôi Cô Thu - Phan Văn Trường,5 Phan Văn Trường  P. Nguyễn Thái Bình  Quận 1  TP. HCM,https://images.foody.vn/res/g10/98763/prof/s640x400/foody-upload-api-foody-mobile-foody-upload-api-foo-191108145915.jpg,https://www.foody.vn/ho-chi-minh/xoi-co-thu-phan-van-truong,,,
Sâu Cấy - Hủ Tiếu Xào,167 Xóm Chiếu  Quận 4  TP. HCM,https://images.foody.vn/res/g20/198684/prof/s640x400/foody-mobile-hmb-s-jpg-483-635866588016447173.jpg,https://www.foody.vn/ho-chi-minh/sau-cay-hu-tieu-xao,,,
Tửng - Hủ Tiếu Nam Vang,443/30A Lê Văn Sỹ  Quận 3  TP. HCM,https://images.foody.vn/res/g76/759230/prof/s640x400/foody-upload-api-foody-mobile-t1-jpg-180711105704.jpg,https://www.foody.vn/ho-chi-minh/tung-hu-tieu-nam-vang,,,
Takoyaki Nhiêu Lộc,219/81A Trần Văn Đang  P. 11  Quận 3  TP. HCM,https://images.foody.vn/res/g27/262167/prof/s640x400/foody-mobile-c2-jpg-161-636059195193404060.jpg,https://www.foody.vn/ho-chi-minh/takoyaki-nhieu-loc,,,
Bún Bò Hùng Liên - Lê Văn Sỹ,483/55 Lê Văn Sỹ  P. 12  Quận 3  TP. HCM,https://images.foody.vn/res/g105/1040323/prof/s640x400/foody-upload-api-foody-mobile-33-200805120236.jpg,https://www.foody.vn/ho-chi-minh/bun-bo-hung-lien-le-van-sy,,,
Cơm Tấm Thủy Tiên,453/17 Lê Văn Sỹ  P. 12  Quận 3  TP. HCM,https://images.foody.vn/res/g95/948279/prof/s640x400/foody-upload-api-foody-mobile-21-190815105532.jpg,https://www.foody.vn/ho-chi-minh/com-tam-thuy-tien,,,
Đan Đan Quán - Bún Riêu Tôm Thịt & Bún Thịt Nướng,115/52 Lê Văn Sỹ  P. 13  Quận Phú Nhuận  TP. HCM,https://images.foody.vn/res/g77/761210/prof/s640x400/foody-upload-api-foody-mobile-8-jpg-180718152951.jpg,https://www.foody.vn/ho-chi-minh/dan-dan-quan-bun-rieu-bun-thit-nuong,,,
Cơm Tấm Phúc Lộc Thọ - Huỳnh Tấn Phát,728 Huỳnh Tấn Phát  P. Tân Phú  Quận 7  TP. HCM,https://images.foody.vn/res/g105/1042570/prof/s640x400/image-50ea183c-201125163700.jpeg,https://www.foody.vn/ho-chi-minh/com-tam-phuc-loc-tho-huynh-tan-phat,,,
Hamburger Bamysu,453/77 C15 Lê Văn Sỹ  P. 12  Quận 3  TP. HCM,https://images.foody.vn/res/g97/961528/prof/s640x400/file_restaurant_photo_gieu_16210-504d83ab-210514232035.jpeg,https://www.foody.vn/ho-chi-minh/hamburger-bamysu,,,
Hương Vị Bắc - Bún Đậu Mắm Tôm & Miến Gà,453/91 Lê Văn Sỹ  P. 12  Quận 3  TP. HCM,https://images.foody.vn/res/g29/281642/prof/s640x400/foody-mobile-hmb-jpg-623-636116969518816036.jpg,https://www.foody.vn/ho-chi-minh/huong-vi-bac-bun-dau-mam-tom-mien-ga,,,
Shiba Sushi - Phan Xích Long,281 Phan Xích Long  P. 2  Quận Phú Nhuận  TP. HCM,https://images.foody.vn/res/g113/1128964/prof/s640x400/file_restaurant_photo_5teq_16499-bfcf167d-220414134356.jpg,https://www.foody.vn/ho-chi-minh/shiba-sushi-phan-xich-long,,,
Quán 156 - Bánh Đa Đắk Lắk,453/156 Lê Văn Sỹ  P. 12  Quận 3  TP. HCM,https://images.foody.vn/res/g96/953662/prof/s640x400/foody-upload-api-foody-mobile-hm1-190905163648.jpg,https://www.foody.vn/ho-chi-minh/quan-156-banh-da-dak-lak,,,
Hủ Tiếu Hồ - Gò Công,44 Gò Công  Quận 5  TP. HCM,https://images.foody.vn/res/g75/747215/prof/s640x400/foody-upload-api-foody-mobile-hmn-jpg-180607155619.jpg,https://www.foody.vn/ho-chi-minh/hu-tieu-ho-go-cong,,,
Nướng Tại Bàn 29K - Quang Trung,Hẻm 872 Quang Trung  Quận Gò Vấp  TP. HCM,https://images.foody.vn/res/g14/138535/prof/s640x400/foody-mobile-nuong-tai-ban-mb-jpg-773-635857336299220358.jpg,https://www.foody.vn/ho-chi-minh/nuong-tai-ban-29k-quang-trung,,,
Tài Nguyên - Cơm Tấm,861 Quốc Lộ 13  P. Hiệp Bình Phước  Tp. Thủ Đức  TP. HCM,https://images.foody.vn/res/g30/294681/prof/s640x400/foody-mobile-t3-jpg-599-636167057159948507.jpg,https://www.foody.vn/ho-chi-minh/tai-nguyen-com-tam,,,
Cơm Tấm Bình Dân - Lữ Gia,28/46 Cư Xá Lữ Gia  P.15  Quận 11  TP. HCM,https://images.foody.vn/res/g4/31365/prof/s640x400/foody-mobile-com-tam-binh-dan-lu-gia-tp-hcm.jpg,https://www.foody.vn/ho-chi-minh/com-tam-binh-dan-lu-gia,,,
No Sleep Rooftop - Food & Beer,18 Giải Phóng  P. 4  Quận Tân Bình  TP. HCM,https://images.foody.vn/res/g106/1059640/prof/s640x400/foody-upload-api-foody-mobile-14463225_12696715897-201211163324.jpg,https://www.foody.vn/ho-chi-minh/no-sleep-rooftop-food-beer,,,
Le Monde Steak - Phan Xích Long,188 Phan Xích Long  P. 7  Quận Phú Nhuận  TP. HCM,https://images.foody.vn/res/g108/1074859/prof/s640x400/foody-upload-api-foody-mobile-le-monde-960-210422100025.jpeg,https://www.foody.vn/ho-chi-minh/le-monde-steak-phan-xich-long,,,
Baozi - Ẩm Thực Đài Loan - Hai Bà Trưng,106 Hai Bà Trưng  P. Đa Kao  Quận 1  TP. HCM,https://images.foody.vn/res/g68/673785/prof/s640x400/foody-mobile-19732307_19752409860-908-636354568010418020.jpg,https://www.foody.vn/ho-chi-minh/baozi-am-thuc-dai-loan-hai-ba-trung,,,
Xôi Gà Xá Xíu - Phan Đình Phùng,266 Phan Đình Phùng  Quận Phú Nhuận  TP. HCM,https://images.foody.vn/res/g74/736750/prof/s640x400/foody-upload-api-foody-mobile-hmn-jpg-180503140552.jpg,https://www.foody.vn/ho-chi-minh/xoi-ga-xa-xiu-phan-dinh-phung,,,
Al Fresco's - Pizza  Mỳ Ý  Sườn  Steak Bò Bít Tết - Xuân Thủy,89 Xuân Thủy  P. Thảo Điền  Quận 2  TP. HCM,https://images.foody.vn/res/g1/4460/prof/s640x400/foody-upload-api-foody-mobile-foody-mobile-10-jpg--190620142008.jpg,https://www.foody.vn/ho-chi-minh/al-fresco-s-xuan-thuy,,,
Cáo's Bakery - Bánh Mì Phô Mai Online,163/24/27 Tô Hiến Thành  P. 13  Quận 10  TP. HCM,https://images.foody.vn/res/g68/673331/prof/s640x400/foody-mobile-20465046_20187236367-773-636368561333157593.jpg,https://www.foody.vn/ho-chi-minh/cao-s-bakery-banh-mi-pho-mai-online,,,
Seventh Palace - Trung Tâm Hội Nghị & Tiệc Cưới - Nguyễn Thị Thập,6 Nguyễn Thị Thập  P. Bình Thuận  Quận 7  TP. HCM,https://images.foody.vn/res/g4/33557/prof/s640x400/foody-mobile-ukxtxhqn-jpg-402-636020134666500399.jpg,https://www.foody.vn/ho-chi-minh/trung-tam-tiec-cuoi-hoi-nghi-seventh-palace,,,
De Italiano's Pizza,217/A6 Xô Viết Nghệ Tĩnh  P. 17  Quận Bình Thạnh  TP. HCM,https://images.foody.vn/res/g93/926167/prof/s640x400/foody-upload-api-foody-mobile-gf-190611085920.jpg,https://www.foody.vn/ho-chi-minh/de-italiano-s-pizza,,,
Highlands Coffee - Xuân Thủy,64 Xuân Thủy  P. Thảo Điền  Quận 2  TP. HCM,https://images.foody.vn/res/g68/671490/prof/s640x400/image-21a70759-210613161508.jpeg,https://www.foody.vn/ho-chi-minh/highlands-coffee-xuan-thuy,,,
Mtea & Coffee,3 Trần Quốc Toản  P. 8  Quận 3  TP. HCM,https://images.foody.vn/res/g77/765904/prof/s640x400/foody-upload-api-foody-mobile-34a-jpg-180809144855.jpg,https://www.foody.vn/ho-chi-minh/mtea-coffee,,,
Farmer's Garden Coffee - Nguyễn Thị Thập,Tầng 2  486 Nguyễn Thị Thập  P. Tân Quy  Quận 7  TP. HCM,https://images.foody.vn/res/g96/956714/prof/s640x400/file_restaurant_photo_yivl_16481-b54f7f24-220324174259.jpg,https://www.foody.vn/ho-chi-minh/farmer-s-garden-coffee-nguyen-thi-thap,,,
Cơm Cháy Cô Ba Sài Gòn - Shop Online,112 Hồ Biểu Chánh  Quận Phú Nhuận  TP. HCM,https://images.foody.vn/res/g26/257847/prof/s640x400/foody-mobile-cach-lam-com-chay-ch-161-636045402899622721.jpg,https://www.foody.vn/ho-chi-minh/com-chay-co-ba-shop-online,,,
Snow Bings - Bingsu Kem Tuyết,169 Nguyễn Cư Trinh  Quận 1  TP. HCM,https://images.foody.vn/res/g16/155543/prof/s640x400/foody-mobile-3-jpg.jpg,https://www.foody.vn/ho-chi-minh/snow-bings-kem-tuyet,,,
Cháo Ếch Singapore,72A Đường Số 79  Quận 7  TP. HCM,https://images.foody.vn/res/g19/183355/prof/s640x400/foody-mobile-hmb-h-jpg-807-635824028250925658.jpg,https://www.foody.vn/ho-chi-minh/chao-ech-singapore-duong-so-79,,,
Rau Má Mix - Nguyễn Thị Thập,520 Nguyễn Thị Thập  P. Tân Hưng  Quận 7  TP. HCM,https://images.foody.vn/res/g98/972558/prof/s640x400/image-304073be-210316110655.jpeg,https://www.foody.vn/ho-chi-minh/rau-ma-mix-nguyen-thi-thap,,,
Dodo Pizza - Pizza - 168 Nguyễn Gia Trí,168 Nguyễn Gia Trí  P. 25  Quận Bình Thạnh  TP. HCM,https://images.foody.vn/res/g100004/1000031980/prof/s640x400/file_restaurant_photo_40um_16376-9ca62335-211123141424.jpg,https://www.foody.vn/ho-chi-minh/dodo-pizza-pizza-168-nguyen-gia-tri.czpx8x,,,
Hằng Tiramisu - Nguyễn Thượng Hiền,320 Nguyễn Thượng Hiền  Quận 3  TP. HCM,https://images.foody.vn/res/g22/216857/prof/s640x400/foody-mobile-hang-jpg-198-636135984808637061.jpg,https://www.foody.vn/ho-chi-minh/hang-tiramisu-nguyen-thuong-hien,,,
Chè Bưởi - Phạm Thế Hiển,877 Phạm Thế Hiển  P. 4  Quận 8  TP. HCM,https://images.foody.vn/res/g89/881317/prof/s640x400/foody-upload-api-foody-mobile-lkkllkkl-190117143349.jpg,https://www.foody.vn/ho-chi-minh/che-buoi-pham-the-hien,,,
Cơm Gà Hải Nam Singapore EAT LAH - Nguyễn Trường Tộ,67 Nguyễn Trường Tộ  P. 13  Quận 4  TP. HCM,https://images.foody.vn/res/g113/1129109/prof/s640x400/file_restaurant_photo_mcy1_16485-332fc976-220329113047.jpeg,https://www.foody.vn/ho-chi-minh/com-ga-hai-nam-singapore-eat-lah-nguyen-truong-to,,,
Cơm Gà Hoa Kiều,1045 Hồng Bàng  P. 12  Quận 6  TP. HCM,https://images.foody.vn/res/g2/10767/prof/s640x400/foody-upload-api-foody-mobile-comgahoakieu-jpg-180604113943.jpg,https://www.foody.vn/ho-chi-minh/com-ga-hoa-kieu,,,
Dai Pai Dong 大排檔 - Bếp Quảng Đông - HongKong,86 Đề Thám  P. Cầu Ông Lãnh  Quận 1  TP. HCM,https://images.foody.vn/res/g108/1079055/prof/s640x400/foody-upload-api-foody-mobile-df-0710d74c-210708153412.jpeg,https://www.foody.vn/ho-chi-minh/dai-pai-dong-%E5%A4%A7%E6%8E%92%E6%AA%94-bep-quang-dong-hongkong,,,
Ngọc Trinh - Bánh Tráng Siêu Cay - Hậu Giang,271 Hậu Giang  P. 5  Quận 6  TP. HCM,https://images.foody.vn/res/g92/916575/prof/s640x400/foody-upload-api-foody-mobile-an-23bd6ae9-210928202419.jpeg,https://www.foody.vn/ho-chi-minh/ngoc-trinh-banh-trang-sieu-cay-hau-giang,,,
Bánh Đúc Nóng Cô Thủy,323 Nguyễn Thái Bình  Quận Tân Bình  TP. HCM,https://images.foody.vn/res/g72/713863/prof/s640x400/foody-mobile-dsv-jpg.jpg,https://www.foody.vn/ho-chi-minh/banh-duc-nong-co-thuy,,,
Gain's Burger - Burgers To Go - Shop Online,118 Vạn Kiếp  P. 3  Quận Bình Thạnh  TP. HCM,https://images.foody.vn/res/g90/899046/prof/s640x400/foody-upload-api-foody-mobile-20150915-_upland_bur-191125173757.jpg,https://www.foody.vn/ho-chi-minh/gain-s-burger-burgers-to-go,,,
Pizza Hut - Võ Văn Ngân,24 Võ Văn Ngân  Tp. Thủ Đức  TP. HCM,https://images.foody.vn/res/g5/46163/prof/s640x400/image-4a5dac1d-211022214118.jpeg,https://www.foody.vn/ho-chi-minh/pizza-hut-vo-van-ngan,,,
Gà Rán KFC - Estella Place,L4-03  Tầng 4 Estella Place  88 Song Hành  P. An Phú  Quận 2  TP. HCM,https://images.foody.vn/res/g99/981939/prof/s640x400/foody-upload-api-foody-mobile-foody-upload-api-foo-191120105006.jpg,https://www.foody.vn/ho-chi-minh/ga-ran-kfc-estella-place,,,
Susan Bakery,42A Đường 783 Tạ Quang Bửu  P. 4  Quận 8  TP. HCM,https://images.foody.vn/res/g86/858088/prof/s640x400/foody-upload-api-foody-mobile-53-jpg-181211175804.jpg,https://www.foody.vn/ho-chi-minh/susan-bakery,,,
A Quang - Cơm Gà Xối Mỡ & Cơm Gà Mắm Tỏi - Nguyễn Gia Trí,294 Nguyễn Gia Trí  P. 25  Quận Bình Thạnh  TP. HCM,https://images.foody.vn/res/g8/71526/prof/s640x400/image-f3851900-200910114131.jpeg,https://www.foody.vn/ho-chi-minh/com-ga-xoi-mo-a-quang,,,
Al Fresco's - Pizza  Mỳ Ý  Sườn  Steak Bò Bít Tết - Vạn Hạnh Mall,10 Vạn Hạnh Mall  11 Sư Vạn Hạnh  P. 12  Quận 10  TP. HCM,https://images.foody.vn/res/g72/719709/prof/s640x400/foody-upload-api-foody-mobile-foody-mobile-10-jpg--190620142028.jpg,https://www.foody.vn/ho-chi-minh/al-fresco-s-van-hanh-mall,,,
Mì Quảng Thanh Thảo - B Trưng Trắc,18 Đường B Trưng Trắc  P. Hiệp Bình Chánh  Tp. Thủ Đức  TP. HCM,https://images.foody.vn/res/g69/689505/prof/s640x400/foody-mobile-sdfg-jpg-480-636414400991903664.jpg,https://www.foody.vn/ho-chi-minh/mi-quang-thanh-thao-b-trung-trac,,,
Hanuri - Quán Ăn Hàn Quốc - Điện Biên Phủ,531 Điện Biên Phủ  P. 3  Quận 3  TP. HCM,https://images.foody.vn/res/g28/273297/prof/s640x400/file_restaurant_photo_kkao_16382-ddc5987c-211130095641.jpeg,https://www.foody.vn/ho-chi-minh/hanuri-quan-an-han-quoc-dien-bien-phu,,,
Sống Cà Phê,37 - 39 Đường D5  P. 25  Quận Bình Thạnh  TP. HCM,https://images.foody.vn/res/g106/1053625/prof/s640x400/foody-upload-api-foody-mobile-c__media_temp-_-food-201109150111.jpg,https://www.foody.vn/ho-chi-minh/song-ca-phe,,,
Gogi House - Quán Nướng Hàn Quốc - Vincom Center,Vincom Center  72 Lê Thánh Tôn  P. Bến Nghé  Quận 1  TP. HCM,https://images.foody.vn/res/g14/133195/prof/s640x400/foody-upload-api-foody-mobile-1-200408093148.jpg,https://www.foody.vn/ho-chi-minh/gogi-house-quan-nuong-han-quoc-vincom-center,,,
Hủ Tiếu Nam Vang Đại Phát,003 Lô C1 Cao Ốc Thuận Việt  319 Lý Thường Kiệt  Quận 11  TP. HCM,https://images.foody.vn/res/g3/28851/prof/s640x400/foody-mobile-1-jpg-563-635986403375589378.jpg,https://www.foody.vn/ho-chi-minh/hu-tieu-nam-vang-dai-phat,,,
San Fu Lou - Song Hành,40 Song Hành  P. An Phú  Quận 2  TP. HCM,https://images.foody.vn/res/g107/1065155/prof/s640x400/foody-upload-api-foody-mobile-19-210128161514.jpg,https://www.foody.vn/ho-chi-minh/san-fu-lou-song-hanh,,,
Quán Phở Cây Sung - Độc Lập,256 Độc Lập  P. Tân Thành  Quận Tân Phú  TP. HCM,https://images.foody.vn/res/g76/755387/prof/s640x400/foody-upload-api-foody-mobile-hmk-jpg-180630115855.jpg,https://www.foody.vn/ho-chi-minh/quan-pho-cay-sung-doc-lap,,,
Hủ Tiếu Nam Vang Nhân Quán - Võ Thành Trang,236 Võ Thành Trang  P. 11  Quận Tân Bình  TP. HCM,https://images.foody.vn/res/g1/5813/prof/s640x400/foody-mobile-5ys308tw-jpg-519-635870825902865375.jpg,https://www.foody.vn/ho-chi-minh/hu-tieu-nam-vang-nhan-quan-vo-thanh-trang,,,
Pudding Đậu Đậu - Bánh Pudding Đậu Nành - Shop Online,79/6 Tôn Thất Thuyết  P. 16  Quận 4  TP. HCM,https://images.foody.vn/res/g30/290328/prof/s640x400/foody-mobile-14322334_60436382640-628-636135023377318525.jpg,https://www.foody.vn/ho-chi-minh/pudding-dau-dau-banh-pudding-dau-nanh-shop-online,,,
Cô Tám - Bún Thái & Bánh Canh Cua,92C Lò Siêu  P. 16  Quận 11  TP. HCM,https://images.foody.vn/res/g28/273947/prof/s640x400/foody-mobile-1-jpg-606-636090092633125810.jpg,https://www.foody.vn/ho-chi-minh/co-tam-bun-thai-banh-canh-cua,,,
Quán Ăn Cô Ba - Xôi  Nui Xào & Mì Xào - Shop Online,10/3 Đường Số 14  P. 11  Quận 6  TP. HCM,https://images.foody.vn/res/g103/1022073/prof/s640x400/foody-upload-api-foody-mobile-ececcc-200507094132.jpg,https://www.foody.vn/ho-chi-minh/quan-an-co-ba-xoi-nui-xao-mi-xao-shop-online,,,
Trúc Anh - Gà Ác Tiềm Trong Lon & Chè Tuyết Yến - Kha Vạn Cân,1306 Kha Vạn Cân  Khu Phố 4  P. Linh Trung  Tp. Thủ Đức  TP. HCM,https://images.foody.vn/res/g96/956316/prof/s640x400/foody-upload-api-foody-mobile-hm1-190913102058.jpg,https://www.foody.vn/ho-chi-minh/truc-anh-ga-ac-tiem-trong-lon-che-tuyet-yen-kha-van-can,,,
Bamica - Bánh Mì Pate Cay,60/49 Lý Chính Thắng  P. 8  Quận 3  TP. HCM,https://images.foody.vn/res/g104/1038134/prof/s640x400/foody-upload-api-foody-mobile-97054867_25692899545-200723110413.jpg,https://www.foody.vn/ho-chi-minh/bamica-banh-mi-pate-cay,,,
Like Food & Drink,465/2A Trần Xuân Soạn  P. Tân Kiểng  Quận 7  TP. HCM,https://images.foody.vn/res/g88/870447/prof/s640x400/image-3bd83d8d-200910114135.jpeg,https://www.foody.vn/ho-chi-minh/like-food-drink-shop-online,,,
Minh Ký - Hủ Tiếu Mì - Đường Số 10,82 Đường Số 10  Xã Bình Hưng  Huyện Bình Chánh  TP. HCM,https://images.foody.vn/res/g67/668792/prof/s640x400/foody-upload-api-foody-mobile-hddd-jpg-181213145306.jpg,https://www.foody.vn/ho-chi-minh/minh-ky-hu-tieu-mi-duong-so-10,,,
Cháo Mực - Lâm Văn Bền,172A Lâm Văn Bền  P. Tân Quy  Quận 7  TP. HCM,https://images.foody.vn/res/g69/689519/prof/s640x400/foody-mobile-sdf-jpg-448-636415019619346305.jpg,https://www.foody.vn/ho-chi-minh/chao-muc-lam-van-ben,,,
Hưng Ký Mì Gia 82,82 Lãnh Binh Thăng  P. 13  Quận 11  TP. HCM,https://images.foody.vn/res/g106/1051140/prof/s640x400/file_restaurant_photo_rb49_16037-010ef3bc-201027103057.jpeg,https://www.foody.vn/ho-chi-minh/hung-ky-mi-gia-82,,,
Quang Ký - Hiểu Tiếu Sate Nai & Mì Thập Cẩm,78/2 Hàn Hải Nguyên  P. 8  Quận 11  TP. HCM,https://images.foody.vn/res/g3/21993/prof/s640x400/foody-mobile-quang-ky-jpg.jpg,https://www.foody.vn/ho-chi-minh/quang-ky-hieu-tieu-sate-nai-mi-thap-cam,,,
Quán Bò Hai Châu - Đường TA 19,96A Đường TA 19  KP. 2  P. Thới An  Quận 12  TP. HCM,https://images.foody.vn/res/g1/2543/prof/s640x400/foody-mobile-60kggj9o-jpg-607-636009074920634636.jpg,https://www.foody.vn/ho-chi-minh/quan-bo-hai-chau-duong-ta-19,,,
Beefsteak Nguyên Thảo - Nguyễn Văn Đậu,101/12 Nguyễn Văn Đậu  P. 7  Quận Bình Thạnh  TP. HCM,https://images.foody.vn/res/g2/16120/prof/s640x400/foody-mobile-578-jpg-762-636185982601509507.jpg,https://www.foody.vn/ho-chi-minh/beefsteak-nguyen-thao-nguyen-van-dau,,,
Xôi Chiên - Nguyễn Thiện Thuật,242/17 Nguyễn Thiện Thuật  P. 3  Quận 3  TP. HCM,https://images.foody.vn/res/g100/993951/prof/s640x400/foody-upload-api-foody-mobile-qs-200113153115.jpg,https://www.foody.vn/ho-chi-minh/xoi-chien-nguyen-thien-thuat,,,
Hiếu Già - Quán Ăn Gia Đình,40 Lê Bôi  P. 7  Quận 8  TP. HCM,https://images.foody.vn/res/g100/993102/prof/s640x400/foody-upload-api-foody-mobile-aa-191224103202.jpg,https://www.foody.vn/ho-chi-minh/hieu-gia-quan-an-gia-dinh,,,
Tấm Cám - Lẩu Cua Đồng & Các Món Nhậu Vị Bắc,68 Trần Lựu  Quận 2  TP. HCM,https://images.foody.vn/res/g81/803775/prof/s640x400/foody-upload-api-foody-mobile-hmn-jpg-181124095053.jpg,https://www.foody.vn/ho-chi-minh/tam-cam-lau-cua-dong-cac-mon-nhau-vi-bac,,,
Chay Viên - Quán Chay,56 Đường Số 27  P. Sơn Kỳ  Quận Tân Phú  TP. HCM,https://images.foody.vn/res/g73/726182/prof/s640x400/foody-upload-api-foody-mobile-hmmmmmmmmmm-jpg-180323113508.jpg,https://www.foody.vn/ho-chi-minh/hoang-kim-chay-hu-tieu-com-lau-nam,,,
Hutong - Hotpot Paradise - Aeon Mall Bình Tân,Lô T12  Lầu 3  TTTM AEON Bình Tân  Số 1 Đường Số 17A  Quận Bình Tân  TP. HCM,https://images.foody.vn/res/g72/711559/prof/s640x400/image-0376d02e-211026183821.jpeg,https://www.foody.vn/ho-chi-minh/hutong-hotpot-paradise-aeon-mall-binh-tan,,,
Bột Chiên & Nui Chiên - Tân Quý,70B Tân Quý  P. Tân Quý  Quận Tân Phú  TP. HCM,https://images.foody.vn/res/g90/897752/prof/s640x400/foody-upload-api-foody-mobile-bc-1-190815105401.jpg,https://www.foody.vn/ho-chi-minh/bot-chien-nui-chien-tan-quy,,,
Vườn Ẩm Thực Đông Hồ Eden,199 Cao Thắng  P. 12  Quận 10  TP. HCM,https://images.foody.vn/res/g2/13834/prof/s640x400/foody-mobile-vuon-am-thuc-dong-ho-399-636026373494908972.jpg,https://www.foody.vn/ho-chi-minh/vuon-am-thuc-dong-ho-eden,,,
Trung Tới - Lẩu Bò - 453 Hồ Học Lãm,453 Hồ Học Lãm  P. An Lạc  Quận Bình Tân  TP. HCM,https://images.foody.vn/res/g90/898633/prof/s640x400/file_8710240c-e0f7-4e47-9430-6dd-2f6fa8ef-210922185731.jpeg,https://www.foody.vn/ho-chi-minh/quan-lau-bo-453,,,
Sanuki Shokudou - Nhà Hàng Nhật Bản,8A/A13 Thái Văn Lung  P. Bến Nghé  Quận 1  TP. HCM,https://images.foody.vn/res/g64/639700/prof/s640x400/foody-mobile-dsfdsf-jpg-883-636241492944644367.jpg,https://www.foody.vn/ho-chi-minh/sanuki-shokudou-nha-hang-nhat-ban,,,
Lotteria - Coop Mart Huỳnh Tấn Phát,Tầng Trệt Coopmart  1362 Huỳnh Tấn Phát  P. Phú Mỹ  Quận 7  TP. HCM,https://images.foody.vn/res/g70/692429/prof/s640x400/image-7d830ff8-210614102949.jpeg,https://www.foody.vn/ho-chi-minh/lotteria-coopmart-huynh-tan-phat,,,
Phú Mỹ Private Club - Hoàng Quốc Việt,Hoàng Quốc Việt  Quận 7  TP. HCM,https://images.foody.vn/res/g14/132796/prof/s640x400/foody-mobile-vtn5v3zr-jpg-255-636342675592244259.jpg,https://www.foody.vn/ho-chi-minh/phu-my-private-club-hoang-quoc-viet,,,
Chú Tâm - Bò Lá Lốt Mỡ Chài,1260 Lê Đức Thọ  P. 13  Quận Gò Vấp  TP. HCM,https://images.foody.vn/res/g77/761362/prof/s640x400/foody-upload-api-foody-mobile-1-gif-180719093950.jpg,https://www.foody.vn/ho-chi-minh/chu-tam-bo-la-lot-mo-chai,,,
Cheese Coffee - Phan Văn Trị,190C Phan Văn Trị  P. 12  Quận Bình Thạnh  TP. HCM,https://images.foody.vn/res/g71/709781/prof/s640x400/foody-upload-api-foody-mobile-12-190620141816.jpg,https://www.foody.vn/ho-chi-minh/cheese-coffee-phan-van-tri,,,
Gia Hy - Cơm Gà & Bún Cá Ngừ Phan Rang,883 Hoàng Sa  P. 9  Quận 3  TP. HCM,https://images.foody.vn/res/g16/151813/prof/s640x400/foody-mobile-1-jpg-184-636149726848113857.jpg,https://www.foody.vn/ho-chi-minh/gia-hy-com-ga-phan-rang-hoang-sa,,,
Mutahiro - Quán Mì Nhật,8A/G8B Thái Văn Lung  P. Bến Nghé  Quận 1  TP. HCM,https://images.foody.vn/res/g72/714536/prof/s640x400/foody-mobile-foody-mutahiro-71453.jpg,https://www.foody.vn/ho-chi-minh/mutahiro-quan-mi-nhat,,,
Bếp 108 - Bún Bò & Cơm Gà Phan Rang,128 Lê Đình Cẩn  P. Tân Tạo  Quận Bình Tân  TP. HCM,https://images.foody.vn/res/g112/1110427/prof/s640x400/file_restaurant_photo_bqx4_16340-cdc394ae-211012085755.jpg,https://www.foody.vn/ho-chi-minh/bep-108-bun-bo-com-ga-phan-rang,,,
Phúc Long Phan Xích Long,95 Phan Xích Long  P. 2  Quận Phú Nhuận  TP. HCM,https://images.foody.vn/res/g106/1055535/prof/s640x400/foody-upload-api-foody-mobile-7d79689e-e55b-42e4-8-201113114606.jpg,https://www.foody.vn/ho-chi-minh/phuc-long-phan-xich-long,,,
Bún Đậu Mắm Tôm A Chảnh - Tân Sơn Nhì,324 Tân Sơn Nhì  P. Tân Sơn Nhì  Quận Tân Phú  TP. HCM,https://images.foody.vn/res/g78/774325/prof/s640x400/foody-upload-api-foody-mobile-foody-upload-api-foo-190620144707.jpg,https://www.foody.vn/ho-chi-minh/bun-dau-mam-tom-a-chanh-tan-son-nhi,,,
Tadokoro - Ramen Nhật Bản,15A5 Lê Thánh Tôn (Mặt Tiền)  Quận 1  TP. HCM,https://images.foody.vn/res/g23/227195/prof/s640x400/foody-mobile-tadokoro-mb-jpg-163-635987278112744127.jpg,https://www.foody.vn/ho-chi-minh/tadokoro-nha-hang-nhat-ban,,,
Phụng Vỹ Quán,222 - 224 - 226 Nguyễn Tri Phương  P. 4  Quận 10  TP. HCM,https://images.foody.vn/res/g1/2220/prof/s640x400/foody-mobile-phung-vy-quan.jpg,https://www.foody.vn/ho-chi-minh/phung-vy-quan,,,
Ba Gác Nướng & Bia - Trường Sơn,CC26 - CC27 Trường Sơn  P. 15  Quận 10  TP. HCM,https://images.foody.vn/res/g93/928714/prof/s640x400/foody-upload-api-foody-mobile-32-200218160325.jpg,https://www.foody.vn/ho-chi-minh/ba-gac-nuong-bia-truong-son,,,
Đông Giang Quán - 110 Trần Quý,110 Trần Quý  Quận 11  TP. HCM,https://images.foody.vn/res/g10/91358/prof/s640x400/foody-mobile-hmb-dong-giang-quan--635448159886332192.jpg,https://www.foody.vn/ho-chi-minh/dong-giang-quan-110-tran-quy,,,
Kem BUD'S - Hoa Đào,30 - 32 Hoa Đào  P. 2  Quận Phú Nhuận  TP. HCM,https://images.foody.vn/res/g86/852509/prof/s640x400/foody-upload-api-foody-mobile-foody-upload-api-foo-190717165239.jpg,https://www.foody.vn/ho-chi-minh/kem-bud-s-hoa-dao,,,
Tavola - Authentic Italian Restaurant,Level G PV Tower  1 - 5 Lê Duẩn  P. Bến Nghé  Quận 1  TP. HCM,https://images.foody.vn/res/g103/1023529/prof/s640x400/foody-upload-api-foody-mobile-5a-200520115537.jpg,https://www.foody.vn/ho-chi-minh/tavola-authentic-italian-restaurant,,,
Tibon Milktea - Quang Trung,434 Quang Trung  P. 10  Quận Gò Vấp  TP. HCM,https://images.foody.vn/res/g103/1024560/prof/s640x400/foody-upload-api-foody-mobile-foody-upload-api-foo-200520150235.jpg,https://www.foody.vn/ho-chi-minh/tibon-milktea-quang-trung,,,
Bò Lá Lốt Cô Út Thủ Đức,119 Tam Châu  P. Tam Phú  Tp. Thủ Đức  TP. HCM,https://images.foody.vn/res/g90/896578/prof/s640x400/foody-upload-api-foody-mobile-11-190419154505.jpg,https://www.foody.vn/ho-chi-minh/bo-la-lot-co-ut-thu-duc,,,
Lẩu Dê 404 - Đường số 9,110A Đường Số 9A  Khu Dân Cư Trung Sơn  P. Bình Hưng  Huyện Bình Chánh  TP. HCM,https://images.foody.vn/res/g1/9315/prof/s640x400/foody-mobile-5-jpg-633-635762637971082829.jpg,https://www.foody.vn/ho-chi-minh/quan-404-duong-so-9,,,
Oya Gyros - Bánh Mì Cuộn,360 Lê Văn Sỹ  Quận Tân Bình  TP. HCM,https://images.foody.vn/res/g10/92418/prof/s640x400/foody-mobile-k1-jpg-300-635739567015002892.jpg,https://www.foody.vn/ho-chi-minh/oya-gyros-banh-mi-cuon,,,
Chân Mây Bò Tùng Xẻo - Nguyễn Văn Săng,65 Nguyễn Văn Săng  P. Tân Sơn Nhì  Quận Tân Phú  TP. HCM,https://images.foody.vn/res/g1/2163/prof/s640x400/file_f1799970-ce5b-4077-a8d1-555-9ca36606-211129135946.jpeg,https://www.foody.vn/ho-chi-minh/chan-may-bo-tung-xeo-nguyen-van-sang,,,
Tasaki BBQ - Nướng Than Hoa Nhật Bản - Vincom Quang Trung,Tầng B1  Vincom Quang Trung  190 Quang Trung  P. 10  Quận Gò Vấp  TP. HCM,https://images.foody.vn/res/g17/165175/prof/s640x400/foody-upload-api-foody-mobile-cover_tasaki-09-200415164224.jpg,https://www.foody.vn/ho-chi-minh/tasaki-bbq-mon-nuong-nhat-ban-quang-trung,,,
Bún Đậu Mắm Tôm A Chảnh - Thống Nhất,448 Thống Nhất  P. 16  Quận Gò Vấp  TP. HCM,https://images.foody.vn/res/g100/999079/prof/s640x400/foody-upload-api-foody-mobile-foody-upload-api-foo-200115172828.jpg,https://www.foody.vn/ho-chi-minh/bun-dau-mam-tom-a-chanh-thong-nhat,,,
Chị Huệ - Chè Dưỡng Nhan  Sữa Chua Trái Cây & Sữa Bắp - Shop Online,78/18 An Dương Vương  P. 9  Quận 5  TP. HCM,https://images.foody.vn/res/g102/1019525/prof/s640x400/foody-upload-api-foody-mobile-11ef81eb806f7a31237e-200518171527.jpg,https://www.foody.vn/ho-chi-minh/chi-hue-che-duong-nhan-sua-chua-trai-cay-sua-bap-shop-online,,,
Phan Rang Quán 128 - Đặc Sản Miền Trung,BB13 Trường Sơn  P. 15  Quận 10  TP. HCM,https://images.foody.vn/res/g65/642348/prof/s640x400/foody-mobile-7-jpg-681-636295054950593746.jpg,https://www.foody.vn/ho-chi-minh/phan-rang-quan-dac-san-mien-trung,,,
Bánh Trứng Gà Non HK,94 Lãnh Binh Thăng  P. 13  Quận 11  TP. HCM,https://images.foody.vn/res/g68/674833/prof/s640x400/foody-mobile-c2-jpg-629-636358866327500864.jpg,https://www.foody.vn/ho-chi-minh/banh-trung-ga-non-hk-lanh-binh-thang,,,
McDonald's LOTTE Mart Go Vap,Lô 1F17 Tầng 1  TTTM Lotte Mart Gò Vấp  242 Nguyễn Văn Lượng  P. 10  Quận Gò Vấp  TP. HCM,https://images.foody.vn/res/g112/1114974/prof/s640x400/foody-upload-api-foody-mobile-im-ce20ebdd-211107192710.jpeg,https://www.foody.vn/ho-chi-minh/mcdonald-s-lotte-mart-go-vap,,,
Gyumaru Restaurant 牛丸 - Hamburger & Steak - Lê Thánh Tôn,8/3 Lê Thánh Tôn  Quận 1  TP. HCM,https://images.foody.vn/res/g6/50625/prof/s640x400/foody-mobile-evdlhq08-jpg-697-636143634327896843.jpg,https://www.foody.vn/ho-chi-minh/hamburg-steak-restaurant-le-thanh-ton,,,
Cộng Cà Phê - Xuân Thủy,91 Xuân Thuỷ  P. Thảo Điền  Quận 2  TP. HCM,https://images.foody.vn/res/g107/1065073/prof/s640x400/foody-upload-api-foody-mobile-19-210127154554.jpg,https://www.foody.vn/ho-chi-minh/cong-ca-phe-xuan-thuy,,,
Bánh Canh Ghẹ - Cầu Bông,2 Lê Văn Duyệt  P. 1  Quận Bình Thạnh  TP. HCM,https://images.foody.vn/res/g1/1083/prof/s640x400/foody-mobile-2e5bf7785383f4906b6b-558-635851033471322060.jpg,https://www.foody.vn/ho-chi-minh/banh-canh-ghe-cau-bong,,,
Haagen Dazs - Lê Thánh Tôn,20 Lê Thánh Tôn  P. Bến Nghé  Quận 1  TP. HCM,https://images.foody.vn/res/g112/1110639/prof/s640x400/foody-upload-api-foody-mobile-mh-f90f640d-211012182719.jpeg,https://www.foody.vn/ho-chi-minh/haagen-dazs-le-thanh-ton,,,
Phở Trang - Võ Văn Tần,428 Võ Văn Tần  Quận 3  TP. HCM,https://images.foody.vn/res/g79/782563/prof/s640x400/foody-upload-api-foody-mobile-10-gif-181010140418.jpg,https://www.foody.vn/ho-chi-minh/pho-trang-vo-van-tan,,,
Hùng Dung - Xôi  Bánh Mì & Bánh Bao,81 Trần Khắc Chân  P. Tân Định  Quận 1  TP. HCM,https://images.foody.vn/res/g33/322817/prof/s640x400/foody-mobile-c2-jpg-497-636192920793023488.jpg,https://www.foody.vn/ho-chi-minh/hung-dung-xoi-banh-mi-banh-bao,,,
Lẩu Cá Cường - Hồng Bàng,463 Hồng Bàng  P. 14  Quận 5  TP. HCM,https://images.foody.vn/res/g5/46801/prof/s640x400/foody-mobile-lau-ca-cuong-hong-bang-tp-hcm-131231031719.jpg,https://www.foody.vn/ho-chi-minh/lau-ca-cuong-hong-bang,,,
Bánh Ướt Ban Mê - Nam Quốc Cang,24 - 26 Nam Quốc Cang  P. Phạm Ngũ Lão  Quận 1  TP. HCM,https://images.foody.vn/res/g14/136957/prof/s640x400/file_restaurant_photo_c8ve_16366-735817fd-211112131915.jpg,https://www.foody.vn/ho-chi-minh/ban-me-quan-banh-uot-thit-nuong,,,
Lẩu Dê SOS Làng Hoa,108/2 Nguyễn Văn Khối  Quận Gò Vấp  TP. HCM,https://images.foody.vn/res/g1/1357/prof/s640x400/foody-mobile-hmb-lang-hoa-jpg-170-635739344563109371.jpg,https://www.foody.vn/ho-chi-minh/lau-de-sos-lang-hoa,,,
Sủi Cảo Ngọc Ý - Hà Tôn Quyền,187 Hà Tôn Quyền  P. 4  Quận 11  TP. HCM,https://images.foody.vn/res/g2/10234/prof/s640x400/foody-upload-api-foody-mobile-im-7fa8f506-220309130710.jpg,https://www.foody.vn/ho-chi-minh/sui-cao-ngoc-y,,,
Phúc Long Lexington Residence,LD-01.02 & LD-01.05  Tầng 1 Khối D Lexington Residence  67 Mai Chí Thọ  P. An Phú  Quận 2  TP. HCM,https://images.foody.vn/res/g109/1081308/prof/s640x400/foody-upload-api-foody-mobile-fo-b9c5ccc5-210603172802.jpeg,https://www.foody.vn/ho-chi-minh/phuc-long-lexington-residence,,,
Kem Bơ KingKing - Kem Bơ & Kem Dâu - Phan Phú Tiên,28 Phan Phú Tiên  P. 10  Quận 5  TP. HCM,https://images.foody.vn/res/g103/1024942/prof/s640x400/foody-upload-api-foody-mobile-im-1a0ce1d4-211014173222.jpeg,https://www.foody.vn/ho-chi-minh/kem-trai-bo-sieu-ngon-phan-phu-tien,,,
3 Râu - Gà Rán  Pizza & Trà Sữa - Bùi Minh Trực,283 Bùi Minh Trực  P. 6  Quận 8  TP. HCM,https://images.foody.vn/res/g98/974712/prof/s640x400/image-a0e91384-211027112032.jpeg,https://www.foody.vn/ho-chi-minh/3-rau-ga-ran-pizza-tra-sua-bui-minh-truc,,,
Ngộ Chay Quán - Ẩm Thực Chay,42 Đường Số 3  P. 9  Quận Gò Vấp  TP. HCM,https://images.foody.vn/res/g99/985962/prof/s640x400/foody-upload-api-foody-mobile-2-191202114900.jpg,https://www.foody.vn/ho-chi-minh/ngo-chay-quan-am-thuc-chay,,,
Bún Riêu Hòa Hưng - Đường Hòa Hưng,77 Hòa Hưng  P. 10  Quận 10  TP. HCM,https://images.foody.vn/res/g13/124228/prof/s640x400/foody-mobile-t-2-jpg-559-635615937117822519.jpg,https://www.foody.vn/ho-chi-minh/bun-rieu-hoa-hung-duong-hoa-hung,,,
